<?xml version="1.0" encoding="UTF-8" ?>
<!-- This is a WordPress eXtended RSS file generated by WordPress as an export of your site. -->
<!-- It contains information about your site's posts, pages, comments, categories, and other content. -->
<!-- You may use this file to transfer that content from one site to another. -->
<!-- This file is not intended to serve as a complete backup of your site. -->

<!-- To import this information into a WordPress site follow these steps: -->
<!-- 1. Log in to that site as an administrator. -->
<!-- 2. Go to Tools: Import in the WordPress admin panel. -->
<!-- 3. Install the "WordPress" importer from the list. -->
<!-- 4. Activate & Run Importer. -->
<!-- 5. Upload this file using the form provided on that page. -->
<!-- 6. You will first be asked to map the authors in this export file to users -->
<!--    on the site. For each author, you may choose to map to an -->
<!--    existing user on the site or to create a new user. -->
<!-- 7. WordPress will then import each of the posts, pages, comments, categories, etc. -->
<!--    contained in this file into your site. -->

<!-- generator="WordPress/4.3.1" created="2015-10-30 14:28" -->
<rss version="2.0"
	xmlns:excerpt="http://wordpress.org/export/1.2/excerpt/"
	xmlns:content="http://purl.org/rss/1.0/modules/content/"
	xmlns:wfw="http://wellformedweb.org/CommentAPI/"
	xmlns:dc="http://purl.org/dc/elements/1.1/"
	xmlns:wp="http://wordpress.org/export/1.2/"
>

<channel>
	<title>Traveler</title>
	<link>http://travelerdata.wpengine.com</link>
	<description>Just another WordPress site</description>
	<pubDate>Fri, 30 Oct 2015 14:28:51 +0000</pubDate>
	<language>en-US</language>
	<wp:wxr_version>1.2</wp:wxr_version>
	<wp:base_site_url>http://travelerdata.wpengine.com</wp:base_site_url>
	<wp:base_blog_url>http://travelerdata.wpengine.com</wp:base_blog_url>

	<wp:author><wp:author_id>1</wp:author_id><wp:author_login>admin</wp:author_login><wp:author_email>hanhnhan.hna@gmail.com</wp:author_email><wp:author_display_name><![CDATA[admin]]></wp:author_display_name><wp:author_first_name><![CDATA[Hanh]]></wp:author_first_name><wp:author_last_name><![CDATA[Hanh]]></wp:author_last_name></wp:author>


	<generator>http://wordpress.org/?v=4.3.1</generator>

	<item>
		<title>Hello world!</title>
		<link>http://travelerdata.wpengine.com/hello-world/</link>
		<pubDate>Wed, 19 Nov 2014 10:30:39 +0000</pubDate>
		<dc:creator><![CDATA[admin]]></dc:creator>
		<guid isPermaLink="false">http://traveler.shinethemedev.com/wordpress/?p=1</guid>
		<description></description>
		<content:encoded><![CDATA[Welcome to WordPress. This is your first post. Edit or delete it, then start blogging!]]></content:encoded>
		<excerpt:encoded><![CDATA[]]></excerpt:encoded>
		<wp:post_id>1</wp:post_id>
		<wp:post_date>2014-11-19 10:30:39</wp:post_date>
		<wp:post_date_gmt>2014-11-19 10:30:39</wp:post_date_gmt>
		<wp:comment_status>open</wp:comment_status>
		<wp:ping_status>open</wp:ping_status>
		<wp:post_name>hello-world</wp:post_name>
		<wp:status>publish</wp:status>
		<wp:post_parent>0</wp:post_parent>
		<wp:menu_order>0</wp:menu_order>
		<wp:post_type>post</wp:post_type>
		<wp:post_password></wp:post_password>
		<wp:is_sticky>0</wp:is_sticky>
		<category domain="category" nicename="uncategorized"><![CDATA[uncategorized]]></category>
		<wp:postmeta>
			<wp:meta_key>post_views_count</wp:meta_key>
			<wp:meta_value><![CDATA[]]></wp:meta_value>
		</wp:postmeta>
		<wp:comment>
			<wp:comment_id>1</wp:comment_id>
			<wp:comment_author><![CDATA[Mr WordPress]]></wp:comment_author>
			<wp:comment_author_email></wp:comment_author_email>
			<wp:comment_author_url>https://wordpress.org/</wp:comment_author_url>
			<wp:comment_author_IP></wp:comment_author_IP>
			<wp:comment_date>2014-11-19 10:30:39</wp:comment_date>
			<wp:comment_date_gmt>2014-11-19 10:30:39</wp:comment_date_gmt>
			<wp:comment_content><![CDATA[Hi, this is a comment.
To delete a comment, just log in and view the post&#039;s comments. There you will have the option to edit or delete them.]]></wp:comment_content>
			<wp:comment_approved>1</wp:comment_approved>
			<wp:comment_type></wp:comment_type>
			<wp:comment_parent>0</wp:comment_parent>
			<wp:comment_user_id>0</wp:comment_user_id>
		</wp:comment>
	</item>
	<item>
		<title>Image Post Type</title>
		<link>http://travelerdata.wpengine.com/image-post-type/</link>
		<pubDate>Wed, 26 Nov 2014 08:26:08 +0000</pubDate>
		<dc:creator><![CDATA[admin]]></dc:creator>
		<guid isPermaLink="false">http://traveler.shinethemedev.com/wordpress/?p=238</guid>
		<description></description>
		<content:encoded><![CDATA[Eget sagittis justo orci faucibus platea consectetur hac imperdiet mi risus fames sapien rhoncus mattis posuere iaculis id turpis et maecenas sociosqu at eleifend velit commodo nascetur facilisis cras ornare

Mattis platea tellus lectus magnis conubia malesuada vehicula non sit tellus cubilia leo massa feugiat magnis condimentum in posuere venenatis dapibus dis hendrerit aenean purus cras convallis parturient justo ut hac faucibus euismod sem torquent venenatis varius maecenas at bibendum luctus dapibus proin odio magna neque eleifend class at vel ipsum lacinia sed volutpat nostra commodo sed ultrices phasellus bibendum ornare libero velit sollicitudin lectus sem eu hac rhoncus praesent ac blandit pretium imperdiet vitae a tristique mollis metus natoque integer in magnis quisque semper penatibus elit amet eleifend natoque nisl imperdiet erat sodales urna eros vestibulum placerat ante nunc
<h5>Venenatis sit fermentum vestibulum gravida luctus</h5>
Neque elementum porta hendrerit dictum ultrices consequat porttitor vel vestibulum dolor donec elit taciti amet condimentum turpis nascetur eleifend condimentum et morbi taciti laoreet dis risus mollis sem accumsan pretium fusce leo natoque hac taciti at dui cum donec tincidunt rutrum aptent venenatis nunc nullam mus eget massa neque nulla netus elit vulputate potenti cubilia arcu potenti scelerisque maecenas per augue hac posuere euismod ut habitant interdum orci nulla elit pharetra vehicula volutpat ad commodo ultricies iaculis conubia rutrum sagittis nunc morbi felis eros class quam sapien nam non porta sem integer mauris taciti libero ac per duis fermentum class
<h5>Interdum egestas mattis</h5>
Tincidunt natoque sollicitudin non class massa natoque praesent vehicula aptent habitasse lacinia cum nascetur penatibus senectus urna tempor lobortis massa accumsan fringilla elit natoque nisi rutrum velit nostra lacinia nascetur auctor pretium porta mi nam magnis cubilia ac torquent adipiscing vitae suscipit aenean tristique ullamcorper interdum libero egestas dictum mauris

Consequat neque magna metus malesuada auctor at et natoque eu nullam commodo scelerisque felis id suspendisse cum quis arcu tincidunt bibendum posuere tempus aenean neque quis mus nunc consectetur a fames mollis orci aenean sollicitudin class odio varius interdum convallis at feugiat porttitor accumsan inceptos etiam vehicula nam nisl in
<h5>Suspendisse cras curabitur rhoncus pellentesque neque accumsan viverra auctor eget</h5>
Parturient cum fames urna aliquet suscipit bibendum aliquam orci dictumst nullam himenaeos lacus pulvinar parturient facilisi tempor nostra id orci varius integer mi rhoncus commodo dis felis massa felis netus ligula dolor at pharetra dictum porttitor faucibus ante dignissim habitant metus sed praesent viverra per molestie luctus vel egestas fringilla platea commodo cum sagittis augue rhoncus ultrices ac sodales sed magnis natoque pretium morbi habitasse nec ultricies sodales ligula nullam diam aliquet etiam scelerisque platea vestibulum sagittis porttitor dictumst viverra libero justo tempus urna eleifend morbi magnis cum non dictumst enim luctus morbi ultricies taciti est mauris suscipit morbi hendrerit luctus natoque aliquam condimentum ullamcorper dapibus molestie fringilla risus elementum quisque inceptos morbi tempus varius cras dis placerat sapien tristique dictum purus molestie mi luctus parturient tempor hendrerit mus massa ante erat iaculis torquent rhoncus montes justo ullamcorper enim auctor ornare curae dui dictum mi pretium tempor praesent aenean dis venenatis aenean nullam phasellus placerat vel eu quis rhoncus sociosqu lobortis molestie lacinia metus curabitur nibh iaculis hac scelerisque aliquam sodales dictum imperdiet libero mollis fusce iaculis ut platea pharetra pulvinar bibendum ac molestie vehicula viverra praesent quam venenatis elementum molestie placerat erat ut pharetra dapibus scelerisque penatibus suspendisse morbi

Aptent mi faucibus per a consequat pulvinar tempor condimentum metus iaculis ac feugiat gravida urna interdum cras per nulla urna mattis class dapibus turpis ultrices posuere scelerisque dictumst fermentum consectetur]]></content:encoded>
		<excerpt:encoded><![CDATA[Adipiscing purus cubilia proin vel ornare lectus aptent dolor enim dapibus vulputate hendrerit et penatibus aenean molestie urna risus consequat facilisis vel sollicitudin purus quisque montes pretium taciti mattis laoreet purus vel orci sociosqu quis vivamus purus lorem commodo integer ullamcorper nam nullam donec quam semper per sollicitudin gravida litora]]></excerpt:encoded>
		<wp:post_id>238</wp:post_id>
		<wp:post_date>2014-11-26 08:26:08</wp:post_date>
		<wp:post_date_gmt>2014-11-26 08:26:08</wp:post_date_gmt>
		<wp:comment_status>open</wp:comment_status>
		<wp:ping_status>open</wp:ping_status>
		<wp:post_name>image-post-type</wp:post_name>
		<wp:status>publish</wp:status>
		<wp:post_parent>0</wp:post_parent>
		<wp:menu_order>0</wp:menu_order>
		<wp:post_type>post</wp:post_type>
		<wp:post_password></wp:post_password>
		<wp:is_sticky>0</wp:is_sticky>
		<category domain="post_format" nicename="post-format-image"><![CDATA[Image]]></category>
		<category domain="category" nicename="uncategorized"><![CDATA[uncategorized]]></category>
		<wp:postmeta>
			<wp:meta_key>_edit_last</wp:meta_key>
			<wp:meta_value><![CDATA[1]]></wp:meta_value>
		</wp:postmeta>
		<wp:postmeta>
			<wp:meta_key>_thumbnail_id</wp:meta_key>
			<wp:meta_value><![CDATA[5052]]></wp:meta_value>
		</wp:postmeta>
		<wp:postmeta>
			<wp:meta_key>post_sidebar_pos</wp:meta_key>
			<wp:meta_value><![CDATA[no]]></wp:meta_value>
		</wp:postmeta>
		<wp:postmeta>
			<wp:meta_key>post_views_count</wp:meta_key>
			<wp:meta_value><![CDATA[]]></wp:meta_value>
		</wp:postmeta>
		<wp:postmeta>
			<wp:meta_key>rate_review</wp:meta_key>
			<wp:meta_value><![CDATA[0]]></wp:meta_value>
		</wp:postmeta>
		<wp:postmeta>
			<wp:meta_key>_vc_post_settings</wp:meta_key>
			<wp:meta_value><![CDATA[a:2:{s:7:"vc_grid";a:0:{}s:10:"vc_grid_id";a:0:{}}]]></wp:meta_value>
		</wp:postmeta>
	</item>
	<item>
		<title>Quote Post Type</title>
		<link>http://travelerdata.wpengine.com/quoute-post-type/</link>
		<pubDate>Wed, 26 Nov 2014 08:34:21 +0000</pubDate>
		<dc:creator><![CDATA[admin]]></dc:creator>
		<guid isPermaLink="false">http://traveler.shinethemedev.com/wordpress/?p=242</guid>
		<description></description>
		<content:encoded><![CDATA[Eget sagittis justo orci faucibus platea consectetur hac imperdiet mi risus fames sapien rhoncus mattis posuere iaculis id turpis et maecenas sociosqu at eleifend velit commodo nascetur facilisis cras ornare

Mattis platea tellus lectus magnis conubia malesuada vehicula non sit tellus cubilia leo massa feugiat magnis condimentum in posuere venenatis dapibus dis hendrerit aenean purus cras convallis parturient justo ut hac faucibus euismod sem torquent venenatis varius maecenas at bibendum luctus dapibus proin odio magna neque eleifend class at vel ipsum lacinia sed volutpat nostra commodo sed ultrices phasellus bibendum ornare libero velit sollicitudin lectus sem eu hac rhoncus praesent ac blandit pretium imperdiet vitae a tristique mollis metus natoque integer in magnis quisque semper penatibus elit amet eleifend natoque nisl imperdiet erat sodales urna eros vestibulum placerat ante nunc
<h5>Venenatis sit fermentum vestibulum gravida luctus</h5>
Neque elementum porta hendrerit dictum ultrices consequat porttitor vel vestibulum dolor donec elit taciti amet condimentum turpis nascetur eleifend condimentum et morbi taciti laoreet dis risus mollis sem accumsan pretium fusce leo natoque hac taciti at dui cum donec tincidunt rutrum aptent venenatis nunc nullam mus eget massa neque nulla netus elit vulputate potenti cubilia arcu potenti scelerisque maecenas per augue hac posuere euismod ut habitant interdum orci nulla elit pharetra vehicula volutpat ad commodo ultricies iaculis conubia rutrum sagittis nunc morbi felis eros class quam sapien nam non porta sem integer mauris taciti libero ac per duis fermentum class
<h5>Interdum egestas mattis</h5>
Tincidunt natoque sollicitudin non class massa natoque praesent vehicula aptent habitasse lacinia cum nascetur penatibus senectus urna tempor lobortis massa accumsan fringilla elit natoque nisi rutrum velit nostra lacinia nascetur auctor pretium porta mi nam magnis cubilia ac torquent adipiscing vitae suscipit aenean tristique ullamcorper interdum libero egestas dictum mauris

Consequat neque magna metus malesuada auctor at et natoque eu nullam commodo scelerisque felis id suspendisse cum quis arcu tincidunt bibendum posuere tempus aenean neque quis mus nunc consectetur a fames mollis orci aenean sollicitudin class odio varius interdum convallis at feugiat porttitor accumsan inceptos etiam vehicula nam nisl in
<h5>Suspendisse cras curabitur rhoncus pellentesque neque accumsan viverra auctor eget</h5>
Parturient cum fames urna aliquet suscipit bibendum aliquam orci dictumst nullam himenaeos lacus pulvinar parturient facilisi tempor nostra id orci varius integer mi rhoncus commodo dis felis massa felis netus ligula dolor at pharetra dictum porttitor faucibus ante dignissim habitant metus sed praesent viverra per molestie luctus vel egestas fringilla platea commodo cum sagittis augue rhoncus ultrices ac sodales sed magnis natoque pretium morbi habitasse nec ultricies sodales ligula nullam diam aliquet etiam scelerisque platea vestibulum sagittis porttitor dictumst viverra libero justo tempus urna eleifend morbi magnis cum non dictumst enim luctus morbi ultricies taciti est mauris suscipit morbi hendrerit luctus natoque aliquam condimentum ullamcorper dapibus molestie fringilla risus elementum quisque inceptos morbi tempus varius cras dis placerat sapien tristique dictum purus molestie mi luctus parturient tempor hendrerit mus massa ante erat iaculis torquent rhoncus montes justo ullamcorper enim auctor ornare curae dui dictum mi pretium tempor praesent aenean dis venenatis aenean nullam phasellus placerat vel eu quis rhoncus sociosqu lobortis molestie lacinia metus curabitur nibh iaculis hac scelerisque aliquam sodales dictum imperdiet libero mollis fusce iaculis ut platea pharetra pulvinar bibendum ac molestie vehicula viverra praesent quam venenatis elementum molestie placerat erat ut pharetra dapibus scelerisque penatibus suspendisse morbi

Aptent mi faucibus per a consequat pulvinar tempor condimentum metus iaculis ac feugiat gravida urna interdum cras per nulla urna mattis class dapibus turpis ultrices posuere scelerisque dictumst fermentum consectetur]]></content:encoded>
		<excerpt:encoded><![CDATA[Adipiscing purus cubilia proin vel ornare lectus aptent dolor enim dapibus vulputate hendrerit et penatibus aenean molestie urna risus consequat facilisis vel sollicitudin purus quisque montes pretium taciti mattis laoreet purus vel orci sociosqu quis vivamus purus lorem commodo integer ullamcorper nam nullam donec quam semper per sollicitudin gravida litora]]></excerpt:encoded>
		<wp:post_id>242</wp:post_id>
		<wp:post_date>2014-11-26 08:34:21</wp:post_date>
		<wp:post_date_gmt>2014-11-26 08:34:21</wp:post_date_gmt>
		<wp:comment_status>open</wp:comment_status>
		<wp:ping_status>open</wp:ping_status>
		<wp:post_name>quoute-post-type</wp:post_name>
		<wp:status>publish</wp:status>
		<wp:post_parent>0</wp:post_parent>
		<wp:menu_order>0</wp:menu_order>
		<wp:post_type>post</wp:post_type>
		<wp:post_password></wp:post_password>
		<wp:is_sticky>0</wp:is_sticky>
		<category domain="post_format" nicename="post-format-quote"><![CDATA[Quote]]></category>
		<category domain="category" nicename="uncategorized"><![CDATA[uncategorized]]></category>
		<wp:postmeta>
			<wp:meta_key>_edit_last</wp:meta_key>
			<wp:meta_value><![CDATA[1]]></wp:meta_value>
		</wp:postmeta>
		<wp:postmeta>
			<wp:meta_key>_thumbnail_id</wp:meta_key>
			<wp:meta_value><![CDATA[5051]]></wp:meta_value>
		</wp:postmeta>
		<wp:postmeta>
			<wp:meta_key>post_sidebar_pos</wp:meta_key>
			<wp:meta_value><![CDATA[no]]></wp:meta_value>
		</wp:postmeta>
		<wp:postmeta>
			<wp:meta_key>post_views_count</wp:meta_key>
			<wp:meta_value><![CDATA[]]></wp:meta_value>
		</wp:postmeta>
		<wp:postmeta>
			<wp:meta_key>_dp_original</wp:meta_key>
			<wp:meta_value><![CDATA[238]]></wp:meta_value>
		</wp:postmeta>
		<wp:postmeta>
			<wp:meta_key>rate_review</wp:meta_key>
			<wp:meta_value><![CDATA[0]]></wp:meta_value>
		</wp:postmeta>
		<wp:postmeta>
			<wp:meta_key>_vc_post_settings</wp:meta_key>
			<wp:meta_value><![CDATA[a:2:{s:7:"vc_grid";a:0:{}s:10:"vc_grid_id";a:0:{}}]]></wp:meta_value>
		</wp:postmeta>
	</item>
	<item>
		<title>Slider Post Type</title>
		<link>http://travelerdata.wpengine.com/slider-post-type/</link>
		<pubDate>Wed, 26 Nov 2014 08:38:20 +0000</pubDate>
		<dc:creator><![CDATA[admin]]></dc:creator>
		<guid isPermaLink="false">http://traveler.shinethemedev.com/wordpress/?p=244</guid>
		<description></description>
		<content:encoded><![CDATA[Eget sagittis justo orci faucibus platea consectetur hac imperdiet mi risus fames sapien rhoncus mattis posuere iaculis id turpis et maecenas sociosqu at eleifend velit commodo nascetur facilisis cras ornare

Mattis platea tellus lectus magnis conubia malesuada vehicula non sit tellus cubilia leo massa feugiat magnis condimentum in posuere venenatis dapibus dis hendrerit aenean purus cras convallis parturient justo ut hac faucibus euismod sem torquent venenatis varius maecenas at bibendum luctus dapibus proin odio magna neque eleifend class at vel ipsum lacinia sed volutpat nostra commodo sed ultrices phasellus bibendum ornare libero velit sollicitudin lectus sem eu hac rhoncus praesent ac blandit pretium imperdiet vitae a tristique mollis metus natoque integer in magnis quisque semper penatibus elit amet eleifend natoque nisl imperdiet erat sodales urna eros vestibulum placerat ante nunc
<h5>Venenatis sit fermentum vestibulum gravida luctus</h5>
Neque elementum porta hendrerit dictum ultrices consequat porttitor vel vestibulum dolor donec elit taciti amet condimentum turpis nascetur eleifend condimentum et morbi taciti laoreet dis risus mollis sem accumsan pretium fusce leo natoque hac taciti at dui cum donec tincidunt rutrum aptent venenatis nunc nullam mus eget massa neque nulla netus elit vulputate potenti cubilia arcu potenti scelerisque maecenas per augue hac posuere euismod ut habitant interdum orci nulla elit pharetra vehicula volutpat ad commodo ultricies iaculis conubia rutrum sagittis nunc morbi felis eros class quam sapien nam non porta sem integer mauris taciti libero ac per duis fermentum class
<h5>Interdum egestas mattis</h5>
Tincidunt natoque sollicitudin non class massa natoque praesent vehicula aptent habitasse lacinia cum nascetur penatibus senectus urna tempor lobortis massa accumsan fringilla elit natoque nisi rutrum velit nostra lacinia nascetur auctor pretium porta mi nam magnis cubilia ac torquent adipiscing vitae suscipit aenean tristique ullamcorper interdum libero egestas dictum mauris

Consequat neque magna metus malesuada auctor at et natoque eu nullam commodo scelerisque felis id suspendisse cum quis arcu tincidunt bibendum posuere tempus aenean neque quis mus nunc consectetur a fames mollis orci aenean sollicitudin class odio varius interdum convallis at feugiat porttitor accumsan inceptos etiam vehicula nam nisl in
<h5>Suspendisse cras curabitur rhoncus pellentesque neque accumsan viverra auctor eget</h5>
Parturient cum fames urna aliquet suscipit bibendum aliquam orci dictumst nullam himenaeos lacus pulvinar parturient facilisi tempor nostra id orci varius integer mi rhoncus commodo dis felis massa felis netus ligula dolor at pharetra dictum porttitor faucibus ante dignissim habitant metus sed praesent viverra per molestie luctus vel egestas fringilla platea commodo cum sagittis augue rhoncus ultrices ac sodales sed magnis natoque pretium morbi habitasse nec ultricies sodales ligula nullam diam aliquet etiam scelerisque platea vestibulum sagittis porttitor dictumst viverra libero justo tempus urna eleifend morbi magnis cum non dictumst enim luctus morbi ultricies taciti est mauris suscipit morbi hendrerit luctus natoque aliquam condimentum ullamcorper dapibus molestie fringilla risus elementum quisque inceptos morbi tempus varius cras dis placerat sapien tristique dictum purus molestie mi luctus parturient tempor hendrerit mus massa ante erat iaculis torquent rhoncus montes justo ullamcorper enim auctor ornare curae dui dictum mi pretium tempor praesent aenean dis venenatis aenean nullam phasellus placerat vel eu quis rhoncus sociosqu lobortis molestie lacinia metus curabitur nibh iaculis hac scelerisque aliquam sodales dictum imperdiet libero mollis fusce iaculis ut platea pharetra pulvinar bibendum ac molestie vehicula viverra praesent quam venenatis elementum molestie placerat erat ut pharetra dapibus scelerisque penatibus suspendisse morbi

Aptent mi faucibus per a consequat pulvinar tempor condimentum metus iaculis ac feugiat gravida urna interdum cras per nulla urna mattis class dapibus turpis ultrices posuere scelerisque dictumst fermentum consectetur]]></content:encoded>
		<excerpt:encoded><![CDATA[Adipiscing purus cubilia proin vel ornare lectus aptent dolor enim dapibus vulputate hendrerit et penatibus aenean molestie urna risus consequat facilisis vel sollicitudin purus quisque montes pretium taciti mattis laoreet purus vel orci sociosqu quis vivamus purus lorem commodo integer ullamcorper nam nullam donec quam semper per sollicitudin gravida litora]]></excerpt:encoded>
		<wp:post_id>244</wp:post_id>
		<wp:post_date>2014-11-26 08:38:20</wp:post_date>
		<wp:post_date_gmt>2014-11-26 08:38:20</wp:post_date_gmt>
		<wp:comment_status>open</wp:comment_status>
		<wp:ping_status>open</wp:ping_status>
		<wp:post_name>slider-post-type</wp:post_name>
		<wp:status>publish</wp:status>
		<wp:post_parent>0</wp:post_parent>
		<wp:menu_order>0</wp:menu_order>
		<wp:post_type>post</wp:post_type>
		<wp:post_password></wp:post_password>
		<wp:is_sticky>0</wp:is_sticky>
		<category domain="post_format" nicename="post-format-gallery"><![CDATA[Gallery]]></category>
		<category domain="category" nicename="uncategorized"><![CDATA[uncategorized]]></category>
		<wp:postmeta>
			<wp:meta_key>_edit_last</wp:meta_key>
			<wp:meta_value><![CDATA[1]]></wp:meta_value>
		</wp:postmeta>
		<wp:postmeta>
			<wp:meta_key>_thumbnail_id</wp:meta_key>
			<wp:meta_value><![CDATA[5053]]></wp:meta_value>
		</wp:postmeta>
		<wp:postmeta>
			<wp:meta_key>post_sidebar_pos</wp:meta_key>
			<wp:meta_value><![CDATA[no]]></wp:meta_value>
		</wp:postmeta>
		<wp:postmeta>
			<wp:meta_key>post_views_count</wp:meta_key>
			<wp:meta_value><![CDATA[]]></wp:meta_value>
		</wp:postmeta>
		<wp:postmeta>
			<wp:meta_key>_dp_original</wp:meta_key>
			<wp:meta_value><![CDATA[238]]></wp:meta_value>
		</wp:postmeta>
		<wp:postmeta>
			<wp:meta_key>gallery</wp:meta_key>
			<wp:meta_value><![CDATA[5053,5030,5052,5028,5051,5026]]></wp:meta_value>
		</wp:postmeta>
		<wp:postmeta>
			<wp:meta_key>rate_review</wp:meta_key>
			<wp:meta_value><![CDATA[0]]></wp:meta_value>
		</wp:postmeta>
		<wp:postmeta>
			<wp:meta_key>_vc_post_settings</wp:meta_key>
			<wp:meta_value><![CDATA[a:2:{s:7:"vc_grid";a:0:{}s:10:"vc_grid_id";a:0:{}}]]></wp:meta_value>
		</wp:postmeta>
	</item>
	<item>
		<title>Link post type</title>
		<link>http://travelerdata.wpengine.com/link-post-type/</link>
		<pubDate>Wed, 26 Nov 2014 08:40:25 +0000</pubDate>
		<dc:creator><![CDATA[admin]]></dc:creator>
		<guid isPermaLink="false">http://traveler.shinethemedev.com/wordpress/?p=248</guid>
		<description></description>
		<content:encoded><![CDATA[Eget sagittis justo orci faucibus platea consectetur hac imperdiet mi risus fames sapien rhoncus mattis posuere iaculis id turpis et maecenas sociosqu at eleifend velit commodo nascetur facilisis cras ornare

Mattis platea tellus lectus magnis conubia malesuada vehicula non sit tellus cubilia leo massa feugiat magnis condimentum in posuere venenatis dapibus dis hendrerit aenean purus cras convallis parturient justo ut hac faucibus euismod sem torquent venenatis varius maecenas at bibendum luctus dapibus proin odio magna neque eleifend class at vel ipsum lacinia sed volutpat nostra commodo sed ultrices phasellus bibendum ornare libero velit sollicitudin lectus sem eu hac rhoncus praesent ac blandit pretium imperdiet vitae a tristique mollis metus natoque integer in magnis quisque semper penatibus elit amet eleifend natoque nisl imperdiet erat sodales urna eros vestibulum placerat ante nunc
<h5>Venenatis sit fermentum vestibulum gravida luctus</h5>
Neque elementum porta hendrerit dictum ultrices consequat porttitor vel vestibulum dolor donec elit taciti amet condimentum turpis nascetur eleifend condimentum et morbi taciti laoreet dis risus mollis sem accumsan pretium fusce leo natoque hac taciti at dui cum donec tincidunt rutrum aptent venenatis nunc nullam mus eget massa neque nulla netus elit vulputate potenti cubilia arcu potenti scelerisque maecenas per augue hac posuere euismod ut habitant interdum orci nulla elit pharetra vehicula volutpat ad commodo ultricies iaculis conubia rutrum sagittis nunc morbi felis eros class quam sapien nam non porta sem integer mauris taciti libero ac per duis fermentum class
<h5>Interdum egestas mattis</h5>
Tincidunt natoque sollicitudin non class massa natoque praesent vehicula aptent habitasse lacinia cum nascetur penatibus senectus urna tempor lobortis massa accumsan fringilla elit natoque nisi rutrum velit nostra lacinia nascetur auctor pretium porta mi nam magnis cubilia ac torquent adipiscing vitae suscipit aenean tristique ullamcorper interdum libero egestas dictum mauris

Consequat neque magna metus malesuada auctor at et natoque eu nullam commodo scelerisque felis id suspendisse cum quis arcu tincidunt bibendum posuere tempus aenean neque quis mus nunc consectetur a fames mollis orci aenean sollicitudin class odio varius interdum convallis at feugiat porttitor accumsan inceptos etiam vehicula nam nisl in
<h5>Suspendisse cras curabitur rhoncus pellentesque neque accumsan viverra auctor eget</h5>
Parturient cum fames urna aliquet suscipit bibendum aliquam orci dictumst nullam himenaeos lacus pulvinar parturient facilisi tempor nostra id orci varius integer mi rhoncus commodo dis felis massa felis netus ligula dolor at pharetra dictum porttitor faucibus ante dignissim habitant metus sed praesent viverra per molestie luctus vel egestas fringilla platea commodo cum sagittis augue rhoncus ultrices ac sodales sed magnis natoque pretium morbi habitasse nec ultricies sodales ligula nullam diam aliquet etiam scelerisque platea vestibulum sagittis porttitor dictumst viverra libero justo tempus urna eleifend morbi magnis cum non dictumst enim luctus morbi ultricies taciti est mauris suscipit morbi hendrerit luctus natoque aliquam condimentum ullamcorper dapibus molestie fringilla risus elementum quisque inceptos morbi tempus varius cras dis placerat sapien tristique dictum purus molestie mi luctus parturient tempor hendrerit mus massa ante erat iaculis torquent rhoncus montes justo ullamcorper enim auctor ornare curae dui dictum mi pretium tempor praesent aenean dis venenatis aenean nullam phasellus placerat vel eu quis rhoncus sociosqu lobortis molestie lacinia metus curabitur nibh iaculis hac scelerisque aliquam sodales dictum imperdiet libero mollis fusce iaculis ut platea pharetra pulvinar bibendum ac molestie vehicula viverra praesent quam venenatis elementum molestie placerat erat ut pharetra dapibus scelerisque penatibus suspendisse morbi

Aptent mi faucibus per a consequat pulvinar tempor condimentum metus iaculis ac feugiat gravida urna interdum cras per nulla urna mattis class dapibus turpis ultrices posuere scelerisque dictumst fermentum consectetur]]></content:encoded>
		<excerpt:encoded><![CDATA[Adipiscing purus cubilia proin vel ornare lectus aptent dolor enim dapibus vulputate hendrerit et penatibus aenean molestie urna risus consequat facilisis vel sollicitudin purus quisque montes pretium taciti mattis laoreet purus vel orci sociosqu quis vivamus purus lorem commodo integer ullamcorper nam nullam donec quam semper per sollicitudin gravida litora]]></excerpt:encoded>
		<wp:post_id>248</wp:post_id>
		<wp:post_date>2014-11-26 08:40:25</wp:post_date>
		<wp:post_date_gmt>2014-11-26 08:40:25</wp:post_date_gmt>
		<wp:comment_status>open</wp:comment_status>
		<wp:ping_status>open</wp:ping_status>
		<wp:post_name>link-post-type</wp:post_name>
		<wp:status>publish</wp:status>
		<wp:post_parent>0</wp:post_parent>
		<wp:menu_order>0</wp:menu_order>
		<wp:post_type>post</wp:post_type>
		<wp:post_password></wp:post_password>
		<wp:is_sticky>0</wp:is_sticky>
		<category domain="post_format" nicename="post-format-link"><![CDATA[Link]]></category>
		<category domain="category" nicename="uncategorized"><![CDATA[uncategorized]]></category>
		<wp:postmeta>
			<wp:meta_key>_edit_last</wp:meta_key>
			<wp:meta_value><![CDATA[1]]></wp:meta_value>
		</wp:postmeta>
		<wp:postmeta>
			<wp:meta_key>post_sidebar_pos</wp:meta_key>
			<wp:meta_value><![CDATA[no]]></wp:meta_value>
		</wp:postmeta>
		<wp:postmeta>
			<wp:meta_key>post_views_count</wp:meta_key>
			<wp:meta_value><![CDATA[]]></wp:meta_value>
		</wp:postmeta>
		<wp:postmeta>
			<wp:meta_key>_dp_original</wp:meta_key>
			<wp:meta_value><![CDATA[238]]></wp:meta_value>
		</wp:postmeta>
		<wp:postmeta>
			<wp:meta_key>link</wp:meta_key>
			<wp:meta_value><![CDATA[google.com]]></wp:meta_value>
		</wp:postmeta>
		<wp:postmeta>
			<wp:meta_key>rate_review</wp:meta_key>
			<wp:meta_value><![CDATA[0]]></wp:meta_value>
		</wp:postmeta>
		<wp:postmeta>
			<wp:meta_key>_vc_post_settings</wp:meta_key>
			<wp:meta_value><![CDATA[a:2:{s:7:"vc_grid";a:0:{}s:10:"vc_grid_id";a:0:{}}]]></wp:meta_value>
		</wp:postmeta>
	</item>
	<item>
		<title>YouTube Post type</title>
		<link>http://travelerdata.wpengine.com/youtube-post-type/</link>
		<pubDate>Wed, 26 Nov 2014 08:42:21 +0000</pubDate>
		<dc:creator><![CDATA[admin]]></dc:creator>
		<guid isPermaLink="false">http://traveler.shinethemedev.com/wordpress/?p=250</guid>
		<description></description>
		<content:encoded><![CDATA[Eget sagittis justo orci faucibus platea consectetur hac imperdiet mi risus fames sapien rhoncus mattis posuere iaculis id turpis et maecenas sociosqu at eleifend velit commodo nascetur facilisis cras ornare

Mattis platea tellus lectus magnis conubia malesuada vehicula non sit tellus cubilia leo massa feugiat magnis condimentum in posuere venenatis dapibus dis hendrerit aenean purus cras convallis parturient justo ut hac faucibus euismod sem torquent venenatis varius maecenas at bibendum luctus dapibus proin odio magna neque eleifend class at vel ipsum lacinia sed volutpat nostra commodo sed ultrices phasellus bibendum ornare libero velit sollicitudin lectus sem eu hac rhoncus praesent ac blandit pretium imperdiet vitae a tristique mollis metus natoque integer in magnis quisque semper penatibus elit amet eleifend natoque nisl imperdiet erat sodales urna eros vestibulum placerat ante nunc
<h5>Venenatis sit fermentum vestibulum gravida luctus</h5>
Neque elementum porta hendrerit dictum ultrices consequat porttitor vel vestibulum dolor donec elit taciti amet condimentum turpis nascetur eleifend condimentum et morbi taciti laoreet dis risus mollis sem accumsan pretium fusce leo natoque hac taciti at dui cum donec tincidunt rutrum aptent venenatis nunc nullam mus eget massa neque nulla netus elit vulputate potenti cubilia arcu potenti scelerisque maecenas per augue hac posuere euismod ut habitant interdum orci nulla elit pharetra vehicula volutpat ad commodo ultricies iaculis conubia rutrum sagittis nunc morbi felis eros class quam sapien nam non porta sem integer mauris taciti libero ac per duis fermentum class
<h5>Interdum egestas mattis</h5>
Tincidunt natoque sollicitudin non class massa natoque praesent vehicula aptent habitasse lacinia cum nascetur penatibus senectus urna tempor lobortis massa accumsan fringilla elit natoque nisi rutrum velit nostra lacinia nascetur auctor pretium porta mi nam magnis cubilia ac torquent adipiscing vitae suscipit aenean tristique ullamcorper interdum libero egestas dictum mauris

Consequat neque magna metus malesuada auctor at et natoque eu nullam commodo scelerisque felis id suspendisse cum quis arcu tincidunt bibendum posuere tempus aenean neque quis mus nunc consectetur a fames mollis orci aenean sollicitudin class odio varius interdum convallis at feugiat porttitor accumsan inceptos etiam vehicula nam nisl in
<h5>Suspendisse cras curabitur rhoncus pellentesque neque accumsan viverra auctor eget</h5>
Parturient cum fames urna aliquet suscipit bibendum aliquam orci dictumst nullam himenaeos lacus pulvinar parturient facilisi tempor nostra id orci varius integer mi rhoncus commodo dis felis massa felis netus ligula dolor at pharetra dictum porttitor faucibus ante dignissim habitant metus sed praesent viverra per molestie luctus vel egestas fringilla platea commodo cum sagittis augue rhoncus ultrices ac sodales sed magnis natoque pretium morbi habitasse nec ultricies sodales ligula nullam diam aliquet etiam scelerisque platea vestibulum sagittis porttitor dictumst viverra libero justo tempus urna eleifend morbi magnis cum non dictumst enim luctus morbi ultricies taciti est mauris suscipit morbi hendrerit luctus natoque aliquam condimentum ullamcorper dapibus molestie fringilla risus elementum quisque inceptos morbi tempus varius cras dis placerat sapien tristique dictum purus molestie mi luctus parturient tempor hendrerit mus massa ante erat iaculis torquent rhoncus montes justo ullamcorper enim auctor ornare curae dui dictum mi pretium tempor praesent aenean dis venenatis aenean nullam phasellus placerat vel eu quis rhoncus sociosqu lobortis molestie lacinia metus curabitur nibh iaculis hac scelerisque aliquam sodales dictum imperdiet libero mollis fusce iaculis ut platea pharetra pulvinar bibendum ac molestie vehicula viverra praesent quam venenatis elementum molestie placerat erat ut pharetra dapibus scelerisque penatibus suspendisse morbi

Aptent mi faucibus per a consequat pulvinar tempor condimentum metus iaculis ac feugiat gravida urna interdum cras per nulla urna mattis class dapibus turpis ultrices posuere scelerisque dictumst fermentum consectetur]]></content:encoded>
		<excerpt:encoded><![CDATA[Adipiscing purus cubilia proin vel ornare lectus aptent dolor enim dapibus vulputate hendrerit et penatibus aenean molestie urna risus consequat facilisis vel sollicitudin purus quisque montes pretium taciti mattis laoreet purus vel orci sociosqu quis vivamus purus lorem commodo integer ullamcorper nam nullam donec quam semper per sollicitudin gravida litora]]></excerpt:encoded>
		<wp:post_id>250</wp:post_id>
		<wp:post_date>2014-11-26 08:42:21</wp:post_date>
		<wp:post_date_gmt>2014-11-26 08:42:21</wp:post_date_gmt>
		<wp:comment_status>open</wp:comment_status>
		<wp:ping_status>open</wp:ping_status>
		<wp:post_name>youtube-post-type</wp:post_name>
		<wp:status>publish</wp:status>
		<wp:post_parent>0</wp:post_parent>
		<wp:menu_order>0</wp:menu_order>
		<wp:post_type>post</wp:post_type>
		<wp:post_password></wp:post_password>
		<wp:is_sticky>0</wp:is_sticky>
		<category domain="post_format" nicename="post-format-video"><![CDATA[Video]]></category>
		<category domain="category" nicename="uncategorized"><![CDATA[uncategorized]]></category>
		<wp:postmeta>
			<wp:meta_key>_edit_last</wp:meta_key>
			<wp:meta_value><![CDATA[1]]></wp:meta_value>
		</wp:postmeta>
		<wp:postmeta>
			<wp:meta_key>_thumbnail_id</wp:meta_key>
			<wp:meta_value><![CDATA[5053]]></wp:meta_value>
		</wp:postmeta>
		<wp:postmeta>
			<wp:meta_key>post_sidebar_pos</wp:meta_key>
			<wp:meta_value><![CDATA[no]]></wp:meta_value>
		</wp:postmeta>
		<wp:postmeta>
			<wp:meta_key>post_views_count</wp:meta_key>
			<wp:meta_value><![CDATA[]]></wp:meta_value>
		</wp:postmeta>
		<wp:postmeta>
			<wp:meta_key>_dp_original</wp:meta_key>
			<wp:meta_value><![CDATA[238]]></wp:meta_value>
		</wp:postmeta>
		<wp:postmeta>
			<wp:meta_key>media</wp:meta_key>
			<wp:meta_value><![CDATA[https://www.youtube.com/watch?v=6iHwPfirtUg]]></wp:meta_value>
		</wp:postmeta>
		<wp:postmeta>
			<wp:meta_key>rate_review</wp:meta_key>
			<wp:meta_value><![CDATA[0]]></wp:meta_value>
		</wp:postmeta>
		<wp:postmeta>
			<wp:meta_key>_vc_post_settings</wp:meta_key>
			<wp:meta_value><![CDATA[a:2:{s:7:"vc_grid";a:0:{}s:10:"vc_grid_id";a:0:{}}]]></wp:meta_value>
		</wp:postmeta>
	</item>
	<item>
		<title>Vimeo Post Type</title>
		<link>http://travelerdata.wpengine.com/vimeo-post-type/</link>
		<pubDate>Wed, 26 Nov 2014 08:43:47 +0000</pubDate>
		<dc:creator><![CDATA[admin]]></dc:creator>
		<guid isPermaLink="false">http://traveler.shinethemedev.com/wordpress/?p=252</guid>
		<description></description>
		<content:encoded><![CDATA[Eget sagittis justo orci faucibus platea consectetur hac imperdiet mi risus fames sapien rhoncus mattis posuere iaculis id turpis et maecenas sociosqu at eleifend velit commodo nascetur facilisis cras ornare

Mattis platea tellus lectus magnis conubia malesuada vehicula non sit tellus cubilia leo massa feugiat magnis condimentum in posuere venenatis dapibus dis hendrerit aenean purus cras convallis parturient justo ut hac faucibus euismod sem torquent venenatis varius maecenas at bibendum luctus dapibus proin odio magna neque eleifend class at vel ipsum lacinia sed volutpat nostra commodo sed ultrices phasellus bibendum ornare libero velit sollicitudin lectus sem eu hac rhoncus praesent ac blandit pretium imperdiet vitae a tristique mollis metus natoque integer in magnis quisque semper penatibus elit amet eleifend natoque nisl imperdiet erat sodales urna eros vestibulum placerat ante nunc
<h5>Venenatis sit fermentum vestibulum gravida luctus</h5>
Neque elementum porta hendrerit dictum ultrices consequat porttitor vel vestibulum dolor donec elit taciti amet condimentum turpis nascetur eleifend condimentum et morbi taciti laoreet dis risus mollis sem accumsan pretium fusce leo natoque hac taciti at dui cum donec tincidunt rutrum aptent venenatis nunc nullam mus eget massa neque nulla netus elit vulputate potenti cubilia arcu potenti scelerisque maecenas per augue hac posuere euismod ut habitant interdum orci nulla elit pharetra vehicula volutpat ad commodo ultricies iaculis conubia rutrum sagittis nunc morbi felis eros class quam sapien nam non porta sem integer mauris taciti libero ac per duis fermentum class
<h5>Interdum egestas mattis</h5>
Tincidunt natoque sollicitudin non class massa natoque praesent vehicula aptent habitasse lacinia cum nascetur penatibus senectus urna tempor lobortis massa accumsan fringilla elit natoque nisi rutrum velit nostra lacinia nascetur auctor pretium porta mi nam magnis cubilia ac torquent adipiscing vitae suscipit aenean tristique ullamcorper interdum libero egestas dictum mauris

Consequat neque magna metus malesuada auctor at et natoque eu nullam commodo scelerisque felis id suspendisse cum quis arcu tincidunt bibendum posuere tempus aenean neque quis mus nunc consectetur a fames mollis orci aenean sollicitudin class odio varius interdum convallis at feugiat porttitor accumsan inceptos etiam vehicula nam nisl in
<h5>Suspendisse cras curabitur rhoncus pellentesque neque accumsan viverra auctor eget</h5>
Parturient cum fames urna aliquet suscipit bibendum aliquam orci dictumst nullam himenaeos lacus pulvinar parturient facilisi tempor nostra id orci varius integer mi rhoncus commodo dis felis massa felis netus ligula dolor at pharetra dictum porttitor faucibus ante dignissim habitant metus sed praesent viverra per molestie luctus vel egestas fringilla platea commodo cum sagittis augue rhoncus ultrices ac sodales sed magnis natoque pretium morbi habitasse nec ultricies sodales ligula nullam diam aliquet etiam scelerisque platea vestibulum sagittis porttitor dictumst viverra libero justo tempus urna eleifend morbi magnis cum non dictumst enim luctus morbi ultricies taciti est mauris suscipit morbi hendrerit luctus natoque aliquam condimentum ullamcorper dapibus molestie fringilla risus elementum quisque inceptos morbi tempus varius cras dis placerat sapien tristique dictum purus molestie mi luctus parturient tempor hendrerit mus massa ante erat iaculis torquent rhoncus montes justo ullamcorper enim auctor ornare curae dui dictum mi pretium tempor praesent aenean dis venenatis aenean nullam phasellus placerat vel eu quis rhoncus sociosqu lobortis molestie lacinia metus curabitur nibh iaculis hac scelerisque aliquam sodales dictum imperdiet libero mollis fusce iaculis ut platea pharetra pulvinar bibendum ac molestie vehicula viverra praesent quam venenatis elementum molestie placerat erat ut pharetra dapibus scelerisque penatibus suspendisse morbi

Aptent mi faucibus per a consequat pulvinar tempor condimentum metus iaculis ac feugiat gravida urna interdum cras per nulla urna mattis class dapibus turpis ultrices posuere scelerisque dictumst fermentum consectetur]]></content:encoded>
		<excerpt:encoded><![CDATA[Adipiscing purus cubilia proin vel ornare lectus aptent dolor enim dapibus vulputate hendrerit et penatibus aenean molestie urna risus consequat facilisis vel sollicitudin purus quisque montes pretium taciti mattis laoreet purus vel orci sociosqu quis vivamus purus lorem commodo integer ullamcorper nam nullam donec quam semper per sollicitudin gravida litora]]></excerpt:encoded>
		<wp:post_id>252</wp:post_id>
		<wp:post_date>2014-11-26 08:43:47</wp:post_date>
		<wp:post_date_gmt>2014-11-26 08:43:47</wp:post_date_gmt>
		<wp:comment_status>open</wp:comment_status>
		<wp:ping_status>open</wp:ping_status>
		<wp:post_name>vimeo-post-type</wp:post_name>
		<wp:status>publish</wp:status>
		<wp:post_parent>0</wp:post_parent>
		<wp:menu_order>0</wp:menu_order>
		<wp:post_type>post</wp:post_type>
		<wp:post_password></wp:post_password>
		<wp:is_sticky>0</wp:is_sticky>
		<category domain="post_format" nicename="post-format-video"><![CDATA[Video]]></category>
		<category domain="category" nicename="uncategorized"><![CDATA[uncategorized]]></category>
		<wp:postmeta>
			<wp:meta_key>_edit_last</wp:meta_key>
			<wp:meta_value><![CDATA[1]]></wp:meta_value>
		</wp:postmeta>
		<wp:postmeta>
			<wp:meta_key>post_sidebar_pos</wp:meta_key>
			<wp:meta_value><![CDATA[left]]></wp:meta_value>
		</wp:postmeta>
		<wp:postmeta>
			<wp:meta_key>post_views_count</wp:meta_key>
			<wp:meta_value><![CDATA[]]></wp:meta_value>
		</wp:postmeta>
		<wp:postmeta>
			<wp:meta_key>_dp_original</wp:meta_key>
			<wp:meta_value><![CDATA[238]]></wp:meta_value>
		</wp:postmeta>
		<wp:postmeta>
			<wp:meta_key>media</wp:meta_key>
			<wp:meta_value><![CDATA[http://vimeo.com/103721959]]></wp:meta_value>
		</wp:postmeta>
		<wp:postmeta>
			<wp:meta_key>post_sidebar</wp:meta_key>
			<wp:meta_value><![CDATA[blog-sidebar]]></wp:meta_value>
		</wp:postmeta>
		<wp:postmeta>
			<wp:meta_key>post_sidebar_pos</wp:meta_key>
			<wp:meta_value><![CDATA[left]]></wp:meta_value>
		</wp:postmeta>
		<wp:postmeta>
			<wp:meta_key>post_views_count</wp:meta_key>
			<wp:meta_value><![CDATA[]]></wp:meta_value>
		</wp:postmeta>
		<wp:postmeta>
			<wp:meta_key>_dp_original</wp:meta_key>
			<wp:meta_value><![CDATA[238]]></wp:meta_value>
		</wp:postmeta>
		<wp:postmeta>
			<wp:meta_key>media</wp:meta_key>
			<wp:meta_value><![CDATA[http://vimeo.com/103721959]]></wp:meta_value>
		</wp:postmeta>
		<wp:postmeta>
			<wp:meta_key>post_sidebar</wp:meta_key>
			<wp:meta_value><![CDATA[blog-sidebar]]></wp:meta_value>
		</wp:postmeta>
		<wp:postmeta>
			<wp:meta_key>post_sidebar_pos</wp:meta_key>
			<wp:meta_value><![CDATA[left]]></wp:meta_value>
		</wp:postmeta>
		<wp:postmeta>
			<wp:meta_key>post_views_count</wp:meta_key>
			<wp:meta_value><![CDATA[]]></wp:meta_value>
		</wp:postmeta>
		<wp:postmeta>
			<wp:meta_key>_dp_original</wp:meta_key>
			<wp:meta_value><![CDATA[238]]></wp:meta_value>
		</wp:postmeta>
		<wp:postmeta>
			<wp:meta_key>media</wp:meta_key>
			<wp:meta_value><![CDATA[http://vimeo.com/103721959]]></wp:meta_value>
		</wp:postmeta>
		<wp:postmeta>
			<wp:meta_key>post_sidebar</wp:meta_key>
			<wp:meta_value><![CDATA[blog-sidebar]]></wp:meta_value>
		</wp:postmeta>
		<wp:postmeta>
			<wp:meta_key>rate_review</wp:meta_key>
			<wp:meta_value><![CDATA[0]]></wp:meta_value>
		</wp:postmeta>
		<wp:postmeta>
			<wp:meta_key>_vc_post_settings</wp:meta_key>
			<wp:meta_value><![CDATA[a:2:{s:7:"vc_grid";a:0:{}s:10:"vc_grid_id";a:0:{}}]]></wp:meta_value>
		</wp:postmeta>
		<wp:comment>
			<wp:comment_id>136</wp:comment_id>
			<wp:comment_author><![CDATA[admin]]></wp:comment_author>
			<wp:comment_author_email>test@gmail.com</wp:comment_author_email>
			<wp:comment_author_url></wp:comment_author_url>
			<wp:comment_author_IP>14.177.141.89</wp:comment_author_IP>
			<wp:comment_date>2015-03-05 02:19:03</wp:comment_date>
			<wp:comment_date_gmt>2015-03-05 02:19:03</wp:comment_date_gmt>
			<wp:comment_content><![CDATA[Aptent mi faucibus per a consequat pulvinar tempor condimentum metus iaculis ac feugiat gravida urna interdum cras per nulla urna mattis class dapibus turpis ultrices posuere scelerisque dictumst fermentum consectetur]]></wp:comment_content>
			<wp:comment_approved>1</wp:comment_approved>
			<wp:comment_type></wp:comment_type>
			<wp:comment_parent>0</wp:comment_parent>
			<wp:comment_user_id>1</wp:comment_user_id>
			<wp:commentmeta>
				<wp:meta_key>_user_liked</wp:meta_key>
				<wp:meta_value><![CDATA[a:0:{}]]></wp:meta_value>
			</wp:commentmeta>
			<wp:commentmeta>
				<wp:meta_key>_comment_like_count</wp:meta_key>
				<wp:meta_value><![CDATA[0]]></wp:meta_value>
			</wp:commentmeta>
		</wp:comment>
	</item>
	<item>
		<title>Sound Post Type</title>
		<link>http://travelerdata.wpengine.com/audio-post-type/</link>
		<pubDate>Wed, 26 Nov 2014 08:45:07 +0000</pubDate>
		<dc:creator><![CDATA[admin]]></dc:creator>
		<guid isPermaLink="false">http://traveler.shinethemedev.com/wordpress/?p=254</guid>
		<description></description>
		<content:encoded><![CDATA[Eget sagittis justo orci faucibus platea consectetur hac imperdiet mi risus fames sapien rhoncus mattis posuere iaculis id turpis et maecenas sociosqu at eleifend velit commodo nascetur facilisis cras ornare

Mattis platea tellus lectus magnis conubia malesuada vehicula non sit tellus cubilia leo massa feugiat magnis condimentum in posuere venenatis dapibus dis hendrerit aenean purus cras convallis parturient justo ut hac faucibus euismod sem torquent venenatis varius maecenas at bibendum luctus dapibus proin odio magna neque eleifend class at vel ipsum lacinia sed volutpat nostra commodo sed ultrices phasellus bibendum ornare libero velit sollicitudin lectus sem eu hac rhoncus praesent ac blandit pretium imperdiet vitae a tristique mollis metus natoque integer in magnis quisque semper penatibus elit amet eleifend natoque nisl imperdiet erat sodales urna eros vestibulum placerat ante nunc
<h5>Venenatis sit fermentum vestibulum gravida luctus</h5>
Neque elementum porta hendrerit dictum ultrices consequat porttitor vel vestibulum dolor donec elit taciti amet condimentum turpis nascetur eleifend condimentum et morbi taciti laoreet dis risus mollis sem accumsan pretium fusce leo natoque hac taciti at dui cum donec tincidunt rutrum aptent venenatis nunc nullam mus eget massa neque nulla netus elit vulputate potenti cubilia arcu potenti scelerisque maecenas per augue hac posuere euismod ut habitant interdum orci nulla elit pharetra vehicula volutpat ad commodo ultricies iaculis conubia rutrum sagittis nunc morbi felis eros class quam sapien nam non porta sem integer mauris taciti libero ac per duis fermentum class
<h5>Interdum egestas mattis</h5>
Tincidunt natoque sollicitudin non class massa natoque praesent vehicula aptent habitasse lacinia cum nascetur penatibus senectus urna tempor lobortis massa accumsan fringilla elit natoque nisi rutrum velit nostra lacinia nascetur auctor pretium porta mi nam magnis cubilia ac torquent adipiscing vitae suscipit aenean tristique ullamcorper interdum libero egestas dictum mauris

Consequat neque magna metus malesuada auctor at et natoque eu nullam commodo scelerisque felis id suspendisse cum quis arcu tincidunt bibendum posuere tempus aenean neque quis mus nunc consectetur a fames mollis orci aenean sollicitudin class odio varius interdum convallis at feugiat porttitor accumsan inceptos etiam vehicula nam nisl in
<h5>Suspendisse cras curabitur rhoncus pellentesque neque accumsan viverra auctor eget</h5>
Parturient cum fames urna aliquet suscipit bibendum aliquam orci dictumst nullam himenaeos lacus pulvinar parturient facilisi tempor nostra id orci varius integer mi rhoncus commodo dis felis massa felis netus ligula dolor at pharetra dictum porttitor faucibus ante dignissim habitant metus sed praesent viverra per molestie luctus vel egestas fringilla platea commodo cum sagittis augue rhoncus ultrices ac sodales sed magnis natoque pretium morbi habitasse nec ultricies sodales ligula nullam diam aliquet etiam scelerisque platea vestibulum sagittis porttitor dictumst viverra libero justo tempus urna eleifend morbi magnis cum non dictumst enim luctus morbi ultricies taciti est mauris suscipit morbi hendrerit luctus natoque aliquam condimentum ullamcorper dapibus molestie fringilla risus elementum quisque inceptos morbi tempus varius cras dis placerat sapien tristique dictum purus molestie mi luctus parturient tempor hendrerit mus massa ante erat iaculis torquent rhoncus montes justo ullamcorper enim auctor ornare curae dui dictum mi pretium tempor praesent aenean dis venenatis aenean nullam phasellus placerat vel eu quis rhoncus sociosqu lobortis molestie lacinia metus curabitur nibh iaculis hac scelerisque aliquam sodales dictum imperdiet libero mollis fusce iaculis ut platea pharetra pulvinar bibendum ac molestie vehicula viverra praesent quam venenatis elementum molestie placerat erat ut pharetra dapibus scelerisque penatibus suspendisse morbi

Aptent mi faucibus per a consequat pulvinar tempor condimentum metus iaculis ac feugiat gravida urna interdum cras per nulla urna mattis class dapibus turpis ultrices posuere scelerisque dictumst fermentum consectetur]]></content:encoded>
		<excerpt:encoded><![CDATA[Adipiscing purus cubilia proin vel ornare lectus aptent dolor enim dapibus vulputate hendrerit et penatibus aenean molestie urna risus consequat facilisis vel sollicitudin purus quisque montes pretium taciti mattis laoreet purus vel orci sociosqu quis vivamus purus lorem commodo integer ullamcorper nam nullam donec quam semper per sollicitudin gravida litora]]></excerpt:encoded>
		<wp:post_id>254</wp:post_id>
		<wp:post_date>2014-11-26 08:45:07</wp:post_date>
		<wp:post_date_gmt>2014-11-26 08:45:07</wp:post_date_gmt>
		<wp:comment_status>open</wp:comment_status>
		<wp:ping_status>open</wp:ping_status>
		<wp:post_name>audio-post-type</wp:post_name>
		<wp:status>publish</wp:status>
		<wp:post_parent>0</wp:post_parent>
		<wp:menu_order>0</wp:menu_order>
		<wp:post_type>post</wp:post_type>
		<wp:post_password></wp:post_password>
		<wp:is_sticky>0</wp:is_sticky>
		<category domain="post_format" nicename="post-format-audio"><![CDATA[Audio]]></category>
		<category domain="category" nicename="uncategorized"><![CDATA[uncategorized]]></category>
		<wp:postmeta>
			<wp:meta_key>_edit_last</wp:meta_key>
			<wp:meta_value><![CDATA[1]]></wp:meta_value>
		</wp:postmeta>
		<wp:postmeta>
			<wp:meta_key>post_sidebar_pos</wp:meta_key>
			<wp:meta_value><![CDATA[right]]></wp:meta_value>
		</wp:postmeta>
		<wp:postmeta>
			<wp:meta_key>post_views_count</wp:meta_key>
			<wp:meta_value><![CDATA[]]></wp:meta_value>
		</wp:postmeta>
		<wp:postmeta>
			<wp:meta_key>_dp_original</wp:meta_key>
			<wp:meta_value><![CDATA[238]]></wp:meta_value>
		</wp:postmeta>
		<wp:postmeta>
			<wp:meta_key>media</wp:meta_key>
			<wp:meta_value><![CDATA[https://soundcloud.com/andrewbird/dont-be-scared]]></wp:meta_value>
		</wp:postmeta>
		<wp:postmeta>
			<wp:meta_key>post_sidebar</wp:meta_key>
			<wp:meta_value><![CDATA[blog-sidebar]]></wp:meta_value>
		</wp:postmeta>
		<wp:postmeta>
			<wp:meta_key>post_sidebar_pos</wp:meta_key>
			<wp:meta_value><![CDATA[right]]></wp:meta_value>
		</wp:postmeta>
		<wp:postmeta>
			<wp:meta_key>post_views_count</wp:meta_key>
			<wp:meta_value><![CDATA[]]></wp:meta_value>
		</wp:postmeta>
		<wp:postmeta>
			<wp:meta_key>_dp_original</wp:meta_key>
			<wp:meta_value><![CDATA[238]]></wp:meta_value>
		</wp:postmeta>
		<wp:postmeta>
			<wp:meta_key>media</wp:meta_key>
			<wp:meta_value><![CDATA[https://soundcloud.com/andrewbird/dont-be-scared]]></wp:meta_value>
		</wp:postmeta>
		<wp:postmeta>
			<wp:meta_key>post_sidebar</wp:meta_key>
			<wp:meta_value><![CDATA[blog-sidebar]]></wp:meta_value>
		</wp:postmeta>
		<wp:postmeta>
			<wp:meta_key>post_sidebar_pos</wp:meta_key>
			<wp:meta_value><![CDATA[right]]></wp:meta_value>
		</wp:postmeta>
		<wp:postmeta>
			<wp:meta_key>post_views_count</wp:meta_key>
			<wp:meta_value><![CDATA[]]></wp:meta_value>
		</wp:postmeta>
		<wp:postmeta>
			<wp:meta_key>_dp_original</wp:meta_key>
			<wp:meta_value><![CDATA[238]]></wp:meta_value>
		</wp:postmeta>
		<wp:postmeta>
			<wp:meta_key>media</wp:meta_key>
			<wp:meta_value><![CDATA[https://soundcloud.com/andrewbird/dont-be-scared]]></wp:meta_value>
		</wp:postmeta>
		<wp:postmeta>
			<wp:meta_key>post_sidebar</wp:meta_key>
			<wp:meta_value><![CDATA[blog-sidebar]]></wp:meta_value>
		</wp:postmeta>
		<wp:postmeta>
			<wp:meta_key>rate_review</wp:meta_key>
			<wp:meta_value><![CDATA[0]]></wp:meta_value>
		</wp:postmeta>
		<wp:postmeta>
			<wp:meta_key>_vc_post_settings</wp:meta_key>
			<wp:meta_value><![CDATA[a:2:{s:7:"vc_grid";a:0:{}s:10:"vc_grid_id";a:0:{}}]]></wp:meta_value>
		</wp:postmeta>
		<wp:postmeta>
			<wp:meta_key>gallery</wp:meta_key>
			<wp:meta_value><![CDATA[5053,5027,5052,5028,5051,5030]]></wp:meta_value>
		</wp:postmeta>
		<wp:postmeta>
			<wp:meta_key>_thumbnail_id</wp:meta_key>
			<wp:meta_value><![CDATA[5052]]></wp:meta_value>
		</wp:postmeta>
		<wp:postmeta>
			<wp:meta_key>location_select</wp:meta_key>
			<wp:meta_value><![CDATA[1680]]></wp:meta_value>
		</wp:postmeta>
		<wp:comment>
			<wp:comment_id>131</wp:comment_id>
			<wp:comment_author><![CDATA[admin]]></wp:comment_author>
			<wp:comment_author_email>test@gmail.com</wp:comment_author_email>
			<wp:comment_author_url></wp:comment_author_url>
			<wp:comment_author_IP>14.177.138.52</wp:comment_author_IP>
			<wp:comment_date>2015-02-24 04:21:09</wp:comment_date>
			<wp:comment_date_gmt>2015-02-24 04:21:09</wp:comment_date_gmt>
			<wp:comment_content><![CDATA[mentum metus iaculis ac feugiat gravida urna interdum cras per nulla urna mattis class dapibus turpis ultrices posuere scelerisque dictu]]></wp:comment_content>
			<wp:comment_approved>1</wp:comment_approved>
			<wp:comment_type></wp:comment_type>
			<wp:comment_parent>0</wp:comment_parent>
			<wp:comment_user_id>1</wp:comment_user_id>
			<wp:commentmeta>
				<wp:meta_key>_user_liked</wp:meta_key>
				<wp:meta_value><![CDATA[a:1:{s:6:"user-1";i:1;}]]></wp:meta_value>
			</wp:commentmeta>
			<wp:commentmeta>
				<wp:meta_key>_comment_like_count</wp:meta_key>
				<wp:meta_value><![CDATA[1]]></wp:meta_value>
			</wp:commentmeta>
		</wp:comment>
		<wp:comment>
			<wp:comment_id>132</wp:comment_id>
			<wp:comment_author><![CDATA[admin]]></wp:comment_author>
			<wp:comment_author_email>test@gmail.com</wp:comment_author_email>
			<wp:comment_author_url></wp:comment_author_url>
			<wp:comment_author_IP>14.177.138.52</wp:comment_author_IP>
			<wp:comment_date>2015-02-24 04:21:24</wp:comment_date>
			<wp:comment_date_gmt>2015-02-24 04:21:24</wp:comment_date_gmt>
			<wp:comment_content><![CDATA[mentum metus iaculis ac feugiat gravida urna interdum cras per nulla urna mattis class dapibus turpis ultrices posuere scelerisque dictu]]></wp:comment_content>
			<wp:comment_approved>1</wp:comment_approved>
			<wp:comment_type></wp:comment_type>
			<wp:comment_parent>131</wp:comment_parent>
			<wp:comment_user_id>1</wp:comment_user_id>
			<wp:commentmeta>
				<wp:meta_key>_user_liked</wp:meta_key>
				<wp:meta_value><![CDATA[a:0:{}]]></wp:meta_value>
			</wp:commentmeta>
			<wp:commentmeta>
				<wp:meta_key>_comment_like_count</wp:meta_key>
				<wp:meta_value><![CDATA[0]]></wp:meta_value>
			</wp:commentmeta>
		</wp:comment>
		<wp:comment>
			<wp:comment_id>133</wp:comment_id>
			<wp:comment_author><![CDATA[admin]]></wp:comment_author>
			<wp:comment_author_email>test@gmail.com</wp:comment_author_email>
			<wp:comment_author_url></wp:comment_author_url>
			<wp:comment_author_IP>14.177.138.52</wp:comment_author_IP>
			<wp:comment_date>2015-02-24 07:18:15</wp:comment_date>
			<wp:comment_date_gmt>2015-02-24 07:18:15</wp:comment_date_gmt>
			<wp:comment_content><![CDATA[s ac feugiat gravida urna interdum cras per nulla urna mattis class dapibus turpis ultrices posuere scelerisque dictu]]></wp:comment_content>
			<wp:comment_approved>1</wp:comment_approved>
			<wp:comment_type></wp:comment_type>
			<wp:comment_parent>132</wp:comment_parent>
			<wp:comment_user_id>1</wp:comment_user_id>
			<wp:commentmeta>
				<wp:meta_key>_user_liked</wp:meta_key>
				<wp:meta_value><![CDATA[a:1:{s:6:"user-1";i:1;}]]></wp:meta_value>
			</wp:commentmeta>
			<wp:commentmeta>
				<wp:meta_key>_comment_like_count</wp:meta_key>
				<wp:meta_value><![CDATA[1]]></wp:meta_value>
			</wp:commentmeta>
		</wp:comment>
	</item>
	<item>
		<title>Gallery Post Type</title>
		<link>http://travelerdata.wpengine.com/default-post-type/</link>
		<pubDate>Wed, 26 Nov 2014 08:45:53 +0000</pubDate>
		<dc:creator><![CDATA[admin]]></dc:creator>
		<guid isPermaLink="false">http://traveler.shinethemedev.com/wordpress/?p=256</guid>
		<description></description>
		<content:encoded><![CDATA[Eget sagittis justo orci faucibus platea consectetur hac imperdiet mi risus fames sapien rhoncus mattis posuere iaculis id turpis et maecenas sociosqu at eleifend velit commodo nascetur facilisis cras ornare

Mattis platea tellus lectus magnis conubia malesuada vehicula non sit tellus cubilia leo massa feugiat magnis condimentum in posuere venenatis dapibus dis hendrerit aenean purus cras convallis parturient justo ut hac faucibus euismod sem torquent venenatis varius maecenas at bibendum luctus dapibus proin odio magna neque eleifend class at vel ipsum lacinia sed volutpat nostra commodo sed ultrices phasellus bibendum ornare libero velit sollicitudin lectus sem eu hac rhoncus praesent ac blandit pretium imperdiet vitae a tristique mollis metus natoque integer in magnis quisque semper penatibus elit amet eleifend natoque nisl imperdiet erat sodales urna eros vestibulum placerat ante nunc
<h5>Venenatis sit fermentum vestibulum gravida luctus</h5>
Neque elementum porta hendrerit dictum ultrices consequat porttitor vel vestibulum dolor donec elit taciti amet condimentum turpis nascetur eleifend condimentum et morbi taciti laoreet dis risus mollis sem accumsan pretium fusce leo natoque hac taciti at dui cum donec tincidunt rutrum aptent venenatis nunc nullam mus eget massa neque nulla netus elit vulputate potenti cubilia arcu potenti scelerisque maecenas per augue hac posuere euismod ut habitant interdum orci nulla elit pharetra vehicula volutpat ad commodo ultricies iaculis conubia rutrum sagittis nunc morbi felis eros class quam sapien nam non porta sem integer mauris taciti libero ac per duis fermentum class
<h5>Interdum egestas mattis</h5>
Tincidunt natoque sollicitudin non class massa natoque praesent vehicula aptent habitasse lacinia cum nascetur penatibus senectus urna tempor lobortis massa accumsan fringilla elit natoque nisi rutrum velit nostra lacinia nascetur auctor pretium porta mi nam magnis cubilia ac torquent adipiscing vitae suscipit aenean tristique ullamcorper interdum libero egestas dictum mauris

Consequat neque magna metus malesuada auctor at et natoque eu nullam commodo scelerisque felis id suspendisse cum quis arcu tincidunt bibendum posuere tempus aenean neque quis mus nunc consectetur a fames mollis orci aenean sollicitudin class odio varius interdum convallis at feugiat porttitor accumsan inceptos etiam vehicula nam nisl in
<h5>Suspendisse cras curabitur rhoncus pellentesque neque accumsan viverra auctor eget</h5>
Parturient cum fames urna aliquet suscipit bibendum aliquam orci dictumst nullam himenaeos lacus pulvinar parturient facilisi tempor nostra id orci varius integer mi rhoncus commodo dis felis massa felis netus ligula dolor at pharetra dictum porttitor faucibus ante dignissim habitant metus sed praesent viverra per molestie luctus vel egestas fringilla platea commodo cum sagittis augue rhoncus ultrices ac sodales sed magnis natoque pretium morbi habitasse nec ultricies sodales ligula nullam diam aliquet etiam scelerisque platea vestibulum sagittis porttitor dictumst viverra libero justo tempus urna eleifend morbi magnis cum non dictumst enim luctus morbi ultricies taciti est mauris suscipit morbi hendrerit luctus natoque aliquam condimentum ullamcorper dapibus molestie fringilla risus elementum quisque inceptos morbi tempus varius cras dis placerat sapien tristique dictum purus molestie mi luctus parturient tempor hendrerit mus massa ante erat iaculis torquent rhoncus montes justo ullamcorper enim auctor ornare curae dui dictum mi pretium tempor praesent aenean dis venenatis aenean nullam phasellus placerat vel eu quis rhoncus sociosqu lobortis molestie lacinia metus curabitur nibh iaculis hac scelerisque aliquam sodales dictum imperdiet libero mollis fusce iaculis ut platea pharetra pulvinar bibendum ac molestie vehicula viverra praesent quam venenatis elementum molestie placerat erat ut pharetra dapibus scelerisque penatibus suspendisse morbi

Aptent mi faucibus per a consequat pulvinar tempor condimentum metus iaculis ac feugiat gravida urna interdum cras per nulla urna mattis class dapibus turpis ultrices posuere scelerisque dictumst fermentum consectetur]]></content:encoded>
		<excerpt:encoded><![CDATA[Morbi dui fames netus litora sed hac tristique placerat in dolor accumsan morbi libero ultricies convallis tristique varius conubia volutpat class fusce torquent sapien velit non senectus est sodales duis a nunc nisi cubilia aliquet nisl nam sodales accumsan integer nec facilisi mi purus volutpat velit pharetra sollicitudin orci sem]]></excerpt:encoded>
		<wp:post_id>256</wp:post_id>
		<wp:post_date>2014-11-26 08:45:53</wp:post_date>
		<wp:post_date_gmt>2014-11-26 08:45:53</wp:post_date_gmt>
		<wp:comment_status>open</wp:comment_status>
		<wp:ping_status>open</wp:ping_status>
		<wp:post_name>default-post-type</wp:post_name>
		<wp:status>publish</wp:status>
		<wp:post_parent>0</wp:post_parent>
		<wp:menu_order>0</wp:menu_order>
		<wp:post_type>post</wp:post_type>
		<wp:post_password></wp:post_password>
		<wp:is_sticky>0</wp:is_sticky>
		<category domain="post_format" nicename="post-format-gallery"><![CDATA[Gallery]]></category>
		<category domain="category" nicename="uncategorized"><![CDATA[uncategorized]]></category>
		<wp:postmeta>
			<wp:meta_key>_edit_last</wp:meta_key>
			<wp:meta_value><![CDATA[1]]></wp:meta_value>
		</wp:postmeta>
		<wp:postmeta>
			<wp:meta_key>post_sidebar_pos</wp:meta_key>
			<wp:meta_value><![CDATA[no]]></wp:meta_value>
		</wp:postmeta>
		<wp:postmeta>
			<wp:meta_key>post_views_count</wp:meta_key>
			<wp:meta_value><![CDATA[]]></wp:meta_value>
		</wp:postmeta>
		<wp:postmeta>
			<wp:meta_key>_dp_original</wp:meta_key>
			<wp:meta_value><![CDATA[238]]></wp:meta_value>
		</wp:postmeta>
		<wp:postmeta>
			<wp:meta_key>post_sidebar_pos</wp:meta_key>
			<wp:meta_value><![CDATA[no]]></wp:meta_value>
		</wp:postmeta>
		<wp:postmeta>
			<wp:meta_key>post_views_count</wp:meta_key>
			<wp:meta_value><![CDATA[]]></wp:meta_value>
		</wp:postmeta>
		<wp:postmeta>
			<wp:meta_key>_dp_original</wp:meta_key>
			<wp:meta_value><![CDATA[238]]></wp:meta_value>
		</wp:postmeta>
		<wp:postmeta>
			<wp:meta_key>post_sidebar_pos</wp:meta_key>
			<wp:meta_value><![CDATA[no]]></wp:meta_value>
		</wp:postmeta>
		<wp:postmeta>
			<wp:meta_key>post_views_count</wp:meta_key>
			<wp:meta_value><![CDATA[]]></wp:meta_value>
		</wp:postmeta>
		<wp:postmeta>
			<wp:meta_key>_dp_original</wp:meta_key>
			<wp:meta_value><![CDATA[238]]></wp:meta_value>
		</wp:postmeta>
		<wp:postmeta>
			<wp:meta_key>rate_review</wp:meta_key>
			<wp:meta_value><![CDATA[0]]></wp:meta_value>
		</wp:postmeta>
		<wp:postmeta>
			<wp:meta_key>gallery</wp:meta_key>
			<wp:meta_value><![CDATA[5053,5052,5051,5026,5025,5035,5034]]></wp:meta_value>
		</wp:postmeta>
		<wp:postmeta>
			<wp:meta_key>_vc_post_settings</wp:meta_key>
			<wp:meta_value><![CDATA[a:2:{s:7:"vc_grid";a:0:{}s:10:"vc_grid_id";a:0:{}}]]></wp:meta_value>
		</wp:postmeta>
		<wp:postmeta>
			<wp:meta_key>_thumbnail_id</wp:meta_key>
			<wp:meta_value><![CDATA[5051]]></wp:meta_value>
		</wp:postmeta>
		<wp:postmeta>
			<wp:meta_key>location_select</wp:meta_key>
			<wp:meta_value><![CDATA[276]]></wp:meta_value>
		</wp:postmeta>
		<wp:comment>
			<wp:comment_id>135</wp:comment_id>
			<wp:comment_author><![CDATA[admin]]></wp:comment_author>
			<wp:comment_author_email>test@gmail.com</wp:comment_author_email>
			<wp:comment_author_url></wp:comment_author_url>
			<wp:comment_author_IP>14.162.132.220</wp:comment_author_IP>
			<wp:comment_date>2015-03-03 01:23:47</wp:comment_date>
			<wp:comment_date_gmt>2015-03-03 01:23:47</wp:comment_date_gmt>
			<wp:comment_content><![CDATA[Aptent mi faucibus per a consequat pulvinar tempor condimentum metus iaculis ac feugiat gravida urna interdum cras per nulla urna mattis class dapibus turpis ultrices posuere scelerisque dictumst fermentum consectetur]]></wp:comment_content>
			<wp:comment_approved>1</wp:comment_approved>
			<wp:comment_type></wp:comment_type>
			<wp:comment_parent>0</wp:comment_parent>
			<wp:comment_user_id>1</wp:comment_user_id>
		</wp:comment>
		<wp:comment>
			<wp:comment_id>137</wp:comment_id>
			<wp:comment_author><![CDATA[HanhHanh]]></wp:comment_author>
			<wp:comment_author_email>hanhdt125@gmail.com</wp:comment_author_email>
			<wp:comment_author_url></wp:comment_author_url>
			<wp:comment_author_IP>14.177.141.89</wp:comment_author_IP>
			<wp:comment_date>2015-03-05 09:16:58</wp:comment_date>
			<wp:comment_date_gmt>2015-03-05 09:16:58</wp:comment_date_gmt>
			<wp:comment_content><![CDATA[condimentum metus iaculis ac feugiat gravida urna interdum cras per nulla urna mattis class dapibus turpis ultrices posuere scelerisque dictumst fermentum consectetur]]></wp:comment_content>
			<wp:comment_approved>1</wp:comment_approved>
			<wp:comment_type></wp:comment_type>
			<wp:comment_parent>135</wp:comment_parent>
			<wp:comment_user_id>0</wp:comment_user_id>
			<wp:commentmeta>
				<wp:meta_key>_user_liked</wp:meta_key>
				<wp:meta_value><![CDATA[a:1:{s:6:"user-1";i:1;}]]></wp:meta_value>
			</wp:commentmeta>
			<wp:commentmeta>
				<wp:meta_key>_comment_like_count</wp:meta_key>
				<wp:meta_value><![CDATA[1]]></wp:meta_value>
			</wp:commentmeta>
		</wp:comment>
		<wp:comment>
			<wp:comment_id>138</wp:comment_id>
			<wp:comment_author><![CDATA[HanhHanh]]></wp:comment_author>
			<wp:comment_author_email>hanhnhan.hna@gmail.com</wp:comment_author_email>
			<wp:comment_author_url></wp:comment_author_url>
			<wp:comment_author_IP>14.177.141.89</wp:comment_author_IP>
			<wp:comment_date>2015-03-05 09:17:50</wp:comment_date>
			<wp:comment_date_gmt>2015-03-05 09:17:50</wp:comment_date_gmt>
			<wp:comment_content><![CDATA[cras per nulla urna mattis class dapibus turpis ultrices posuere scelerisque dictumst fermentum consectetur]]></wp:comment_content>
			<wp:comment_approved>1</wp:comment_approved>
			<wp:comment_type></wp:comment_type>
			<wp:comment_parent>137</wp:comment_parent>
			<wp:comment_user_id>0</wp:comment_user_id>
		</wp:comment>
	</item>
	<item>
		<title>Planning a Trip Paris</title>
		<link>http://travelerdata.wpengine.com/planning-a-trip-paris/</link>
		<pubDate>Mon, 31 Aug 2015 08:41:04 +0000</pubDate>
		<dc:creator><![CDATA[admin]]></dc:creator>
		<guid isPermaLink="false">http://travelerdata.wpengine.com/?p=5310</guid>
		<description></description>
		<content:encoded><![CDATA[<header>
<h2 class="page-title-tab">Planning a Trip</h2>
<p class="lead">Pre-departure planning is important. Here are certain things you should watch for and plan for.</p>

</header>
<p class="entry-thumbnail"><img class="attachment-post-thumbnail wp-post-image" src="http://para.llel.us/themes/goexplore/demo/wp-content/uploads/sites/2/eDLHCtzRR0yfFtU0BQar_sylwiabartyzel_themap-1200x793.jpg" alt="eDLHCtzRR0yfFtU0BQar_sylwiabartyzel_themap" width="1200" height="793" /></p>

<div class="entry-content">
<h3>Visas</h3>
Check with the appropriate consulate or embassy in your country to find out if you will need a visa to visit the country of your destination, especially for an extended period of time. Some countries have extremely detailed and complicated entry/departure laws, and treat visits of a week or two very differently from longer stays.
<h3>Money</h3>
If you’re traveling to one area, check the cost of living there. If it’s high you’ll probably want to budget more carefully and save some money before leaving. The lower the cost of living the less you’ll have to save, but be sure to have a back up reserve in emergency cases.
<h3>General Tips</h3>
<h4><b>Talk to other people</b> who have done a similar trip.</h4>
If you don’t know anyone personally, try any of the dozens of online travel web sites full of first-person travel stories covering every possible type of trip.
<h4><b>Plan big and loose</b>. Read everything you can about the area.</h4>
There may be sights and attractions you didn’t know about. A rough outline of your trip might have three or four target points and a variety of ways to get between them.
<blockquote>You don’t want to find out that the weather isn’t what you thought, or the guide book was incorrect, <i>after</i> committing to 6 weeks in a specific spot.</blockquote>
Some trips will allow you more leeway than others. Travel plans in Asia can often be made day-by-day while summer travel in Europe should be organized at least a few weeks ahead, unless you’re prepared to hunt around for hotel rooms and train seats.

</div>]]></content:encoded>
		<excerpt:encoded><![CDATA[]]></excerpt:encoded>
		<wp:post_id>5310</wp:post_id>
		<wp:post_date>2015-08-31 08:41:04</wp:post_date>
		<wp:post_date_gmt>2015-08-31 08:41:04</wp:post_date_gmt>
		<wp:comment_status>open</wp:comment_status>
		<wp:ping_status>closed</wp:ping_status>
		<wp:post_name>planning-a-trip-paris</wp:post_name>
		<wp:status>publish</wp:status>
		<wp:post_parent>0</wp:post_parent>
		<wp:menu_order>0</wp:menu_order>
		<wp:post_type>post</wp:post_type>
		<wp:post_password></wp:post_password>
		<wp:is_sticky>0</wp:is_sticky>
		<category domain="category" nicename="uncategorized"><![CDATA[uncategorized]]></category>
		<wp:postmeta>
			<wp:meta_key>rate_review</wp:meta_key>
			<wp:meta_value><![CDATA[0]]></wp:meta_value>
		</wp:postmeta>
		<wp:postmeta>
			<wp:meta_key>_edit_last</wp:meta_key>
			<wp:meta_value><![CDATA[1]]></wp:meta_value>
		</wp:postmeta>
		<wp:postmeta>
			<wp:meta_key>_vc_post_settings</wp:meta_key>
			<wp:meta_value><![CDATA[a:2:{s:7:"vc_grid";a:0:{}s:10:"vc_grid_id";a:0:{}}]]></wp:meta_value>
		</wp:postmeta>
		<wp:postmeta>
			<wp:meta_key>location_select</wp:meta_key>
			<wp:meta_value><![CDATA[287]]></wp:meta_value>
		</wp:postmeta>
	</item>
	<item>
		<title>Events Paris</title>
		<link>http://travelerdata.wpengine.com/events-paris/</link>
		<pubDate>Mon, 31 Aug 2015 08:41:31 +0000</pubDate>
		<dc:creator><![CDATA[admin]]></dc:creator>
		<guid isPermaLink="false">http://travelerdata.wpengine.com/?p=5311</guid>
		<description></description>
		<content:encoded><![CDATA[<header>
<h2 class="page-title-tab">Events</h2>
<p class="lead">It's a party all year, or it can be if you know the places to go!</p>

</header>
<div class="entry-content">

Once you have arrived there will be plenty to keep you busy, but depending on the time of year, here are a few ways you can keep the party going. See the activities, entertainment and trips and you’ll never want to come home! It’s a worry free event holiday.

All you need to do is tell us where you want to go, how many people are traveling and your budget and we will show you the fantastic package deals that we have on offer, what could be more simple?

Just some of the amazing events that take place each year…
<h3 class="lead"><i class="fa fa-calendar"></i>   Spring</h3>
<h5>Street Music Festival</h5>
You’ve heard of Jazz Fest, but this Street Music Festival offers one of the best line-ups of old school masters, up-and-coming rockers and way past their prime pop and hip-hop artists. It runs over three days and attracts 100,000 people.
<a href="#">Find out more</a>
<h3 class="lead"><i class="fa fa-calendar"></i>   Summer</h3>
<h5>Summer Solstice Celebration</h5>
Kicking off summer in late June, this popular and crazy parade feels like something out of a movie. Live music, kids’ activities, food stands, a beer garden plus the arts-and-craft show all weekend long.
<a href="#">Find out more</a>
<h3 class="lead"><i class="fa fa-calendar"></i>   Autumn</h3>
<h5>Fall Fest</h5>
The entire city is filled during this long-running – if slightly overblown – festival celebrating our heritage. Festivities include outdoor bazaars and food markets, live music, dancing, horseback and rodeo events. It’s one big parade!
<a href="#">Find out more</a>
<h3 class="lead"><i class="fa fa-calendar"></i>   Winter</h3>
<h5>River Cruiser Ride</h5>
Held every Wednesday night in the cruiser ride is one of the biggest you will find. Each week has a new theme to get dressed in the appropriate costume.
<a href="#">Find out more</a>

</div>]]></content:encoded>
		<excerpt:encoded><![CDATA[]]></excerpt:encoded>
		<wp:post_id>5311</wp:post_id>
		<wp:post_date>2015-08-31 08:41:31</wp:post_date>
		<wp:post_date_gmt>2015-08-31 08:41:31</wp:post_date_gmt>
		<wp:comment_status>open</wp:comment_status>
		<wp:ping_status>open</wp:ping_status>
		<wp:post_name>events-paris</wp:post_name>
		<wp:status>publish</wp:status>
		<wp:post_parent>0</wp:post_parent>
		<wp:menu_order>0</wp:menu_order>
		<wp:post_type>post</wp:post_type>
		<wp:post_password></wp:post_password>
		<wp:is_sticky>0</wp:is_sticky>
		<category domain="category" nicename="uncategorized"><![CDATA[uncategorized]]></category>
		<wp:postmeta>
			<wp:meta_key>rate_review</wp:meta_key>
			<wp:meta_value><![CDATA[0]]></wp:meta_value>
		</wp:postmeta>
		<wp:postmeta>
			<wp:meta_key>_edit_last</wp:meta_key>
			<wp:meta_value><![CDATA[1]]></wp:meta_value>
		</wp:postmeta>
		<wp:postmeta>
			<wp:meta_key>_vc_post_settings</wp:meta_key>
			<wp:meta_value><![CDATA[a:2:{s:7:"vc_grid";a:0:{}s:10:"vc_grid_id";a:0:{}}]]></wp:meta_value>
		</wp:postmeta>
		<wp:postmeta>
			<wp:meta_key>location_select</wp:meta_key>
			<wp:meta_value><![CDATA[287]]></wp:meta_value>
		</wp:postmeta>
		<wp:postmeta>
			<wp:meta_key>post_views_count</wp:meta_key>
			<wp:meta_value><![CDATA[]]></wp:meta_value>
		</wp:postmeta>
	</item>
	<item>
		<title>Hightlights Paris</title>
		<link>http://travelerdata.wpengine.com/hightlights-paris/</link>
		<pubDate>Mon, 31 Aug 2015 08:42:04 +0000</pubDate>
		<dc:creator><![CDATA[admin]]></dc:creator>
		<guid isPermaLink="false">http://travelerdata.wpengine.com/?p=5312</guid>
		<description></description>
		<content:encoded><![CDATA[<header>
<h2 class="page-title-tab">Highlights</h2>
<p class="lead">If you have limited time for your visit, the following highlights are some of the things you won't want to miss out on. If you are not in a rush, you may still find the following list very useful!</p>

</header>
<div class="entry-content">
<h4>Parks</h4>
<ul>
	<li><strong>Lake Shores: </strong>a barbequeue by the lake is a great way to enjoy the wonderful views, summer weather and meet local people. Cruise on the car-free shore promenade, it will recharge your batteries!</li>
	<li><strong>Nature Reserve: </strong>a few minutes drive away, you’ll find a beautiful nature reserve where you have a chance to see unique species of fauna and flora. Bring your litter back with you and respect the nature, it will respect you back!</li>
</ul>
<h4>Museums</h4>
<ul>
	<li><strong>Transportation Museum: </strong>discover the evolution of the means of transports, from horse carriages to electric skateboards and solar-powered cars. A must see for families with young kids – especially little boys!</li>
	<li><strong>Chocolate Factory: </strong>The chocolate tasting at the end of the tour by itself should be a good enough reason to visit the chocolate factory! Discover the different steps of the production of chocolate, from the harvesting of coco beans to the packaging and worldwide distribution.</li>
</ul>
<h4>Markets</h4>
Each Saturday morning, the old town hosts wonderful markets where you’ll find locals trading vegetables, antiques, patisserie among many other things. A unique opportunity to find fresh and affordable products while soaking in an authentic local atmosphere.

</div>]]></content:encoded>
		<excerpt:encoded><![CDATA[]]></excerpt:encoded>
		<wp:post_id>5312</wp:post_id>
		<wp:post_date>2015-08-31 08:42:04</wp:post_date>
		<wp:post_date_gmt>2015-08-31 08:42:04</wp:post_date_gmt>
		<wp:comment_status>open</wp:comment_status>
		<wp:ping_status>open</wp:ping_status>
		<wp:post_name>hightlights-paris</wp:post_name>
		<wp:status>publish</wp:status>
		<wp:post_parent>0</wp:post_parent>
		<wp:menu_order>0</wp:menu_order>
		<wp:post_type>post</wp:post_type>
		<wp:post_password></wp:post_password>
		<wp:is_sticky>0</wp:is_sticky>
		<category domain="category" nicename="uncategorized"><![CDATA[uncategorized]]></category>
		<wp:postmeta>
			<wp:meta_key>rate_review</wp:meta_key>
			<wp:meta_value><![CDATA[0]]></wp:meta_value>
		</wp:postmeta>
		<wp:postmeta>
			<wp:meta_key>_edit_last</wp:meta_key>
			<wp:meta_value><![CDATA[1]]></wp:meta_value>
		</wp:postmeta>
		<wp:postmeta>
			<wp:meta_key>_vc_post_settings</wp:meta_key>
			<wp:meta_value><![CDATA[a:2:{s:7:"vc_grid";a:0:{}s:10:"vc_grid_id";a:0:{}}]]></wp:meta_value>
		</wp:postmeta>
		<wp:postmeta>
			<wp:meta_key>location_select</wp:meta_key>
			<wp:meta_value><![CDATA[287]]></wp:meta_value>
		</wp:postmeta>
	</item>
	<item>
		<title>test post</title>
		<link>http://travelerdata.wpengine.com/test-post/</link>
		<pubDate>Mon, 31 Aug 2015 10:21:45 +0000</pubDate>
		<dc:creator><![CDATA[admin]]></dc:creator>
		<guid isPermaLink="false">http://travelerdata.wpengine.com/?p=5328</guid>
		<description></description>
		<content:encoded><![CDATA[]]></content:encoded>
		<excerpt:encoded><![CDATA[]]></excerpt:encoded>
		<wp:post_id>5328</wp:post_id>
		<wp:post_date>2015-08-31 10:21:45</wp:post_date>
		<wp:post_date_gmt>2015-08-31 10:21:45</wp:post_date_gmt>
		<wp:comment_status>open</wp:comment_status>
		<wp:ping_status>open</wp:ping_status>
		<wp:post_name>test-post</wp:post_name>
		<wp:status>publish</wp:status>
		<wp:post_parent>0</wp:post_parent>
		<wp:menu_order>0</wp:menu_order>
		<wp:post_type>post</wp:post_type>
		<wp:post_password></wp:post_password>
		<wp:is_sticky>0</wp:is_sticky>
		<category domain="category" nicename="uncategorized"><![CDATA[uncategorized]]></category>
		<wp:postmeta>
			<wp:meta_key>rate_review</wp:meta_key>
			<wp:meta_value><![CDATA[0]]></wp:meta_value>
		</wp:postmeta>
		<wp:postmeta>
			<wp:meta_key>_edit_last</wp:meta_key>
			<wp:meta_value><![CDATA[1]]></wp:meta_value>
		</wp:postmeta>
		<wp:postmeta>
			<wp:meta_key>_vc_post_settings</wp:meta_key>
			<wp:meta_value><![CDATA[a:2:{s:7:"vc_grid";a:0:{}s:10:"vc_grid_id";a:0:{}}]]></wp:meta_value>
		</wp:postmeta>
		<wp:postmeta>
			<wp:meta_key>location_select</wp:meta_key>
			<wp:meta_value><![CDATA[276]]></wp:meta_value>
		</wp:postmeta>
		<wp:postmeta>
			<wp:meta_key>post_views_count</wp:meta_key>
			<wp:meta_value><![CDATA[]]></wp:meta_value>
		</wp:postmeta>
	</item>
</channel>
</rss>
