<?xml version="1.0" encoding="UTF-8" ?>
<!-- This is a WordPress eXtended RSS file generated by WordPress as an export of your site. -->
<!-- It contains information about your site's posts, pages, comments, categories, and other content. -->
<!-- You may use this file to transfer that content from one site to another. -->
<!-- This file is not intended to serve as a complete backup of your site. -->

<!-- To import this information into a WordPress site follow these steps: -->
<!-- 1. Log in to that site as an administrator. -->
<!-- 2. Go to Tools: Import in the WordPress admin panel. -->
<!-- 3. Install the "WordPress" importer from the list. -->
<!-- 4. Activate & Run Importer. -->
<!-- 5. Upload this file using the form provided on that page. -->
<!-- 6. You will first be asked to map the authors in this export file to users -->
<!--    on the site. For each author, you may choose to map to an -->
<!--    existing user on the site or to create a new user. -->
<!-- 7. WordPress will then import each of the posts, pages, comments, categories, etc. -->
<!--    contained in this file into your site. -->

<!-- generator="WordPress/4.3.1" created="2015-10-30 14:29" -->
<rss version="2.0"
	xmlns:excerpt="http://wordpress.org/export/1.2/excerpt/"
	xmlns:content="http://purl.org/rss/1.0/modules/content/"
	xmlns:wfw="http://wellformedweb.org/CommentAPI/"
	xmlns:dc="http://purl.org/dc/elements/1.1/"
	xmlns:wp="http://wordpress.org/export/1.2/"
>

<channel>
	<title>Traveler</title>
	<link>http://travelerdata.wpengine.com</link>
	<description>Just another WordPress site</description>
	<pubDate>Fri, 30 Oct 2015 14:29:38 +0000</pubDate>
	<language>en-US</language>
	<wp:wxr_version>1.2</wp:wxr_version>
	<wp:base_site_url>http://travelerdata.wpengine.com</wp:base_site_url>
	<wp:base_blog_url>http://travelerdata.wpengine.com</wp:base_blog_url>

	<wp:author><wp:author_id>1</wp:author_id><wp:author_login>admin</wp:author_login><wp:author_email>hanhnhan.hna@gmail.com</wp:author_email><wp:author_display_name><![CDATA[admin]]></wp:author_display_name><wp:author_first_name><![CDATA[Hanh]]></wp:author_first_name><wp:author_last_name><![CDATA[Hanh]]></wp:author_last_name></wp:author>


	<generator>http://wordpress.org/?v=4.3.1</generator>

	<item>
		<title>10 Days of Vacation in Florence Resorts</title>
		<link>http://travelerdata.wpengine.com/product/10-days-of-vacation-in-florence-resorts/</link>
		<pubDate>Fri, 30 Oct 2015 02:12:40 +0000</pubDate>
		<dc:creator><![CDATA[admin]]></dc:creator>
		<guid isPermaLink="false">http://travelerdata.wpengine.com/product/10-days-of-vacation-in-florence-resorts/</guid>
		<description></description>
		<content:encoded><![CDATA[]]></content:encoded>
		<excerpt:encoded><![CDATA[]]></excerpt:encoded>
		<wp:post_id>5495</wp:post_id>
		<wp:post_date>2015-10-30 02:12:40</wp:post_date>
		<wp:post_date_gmt>2015-10-30 02:12:40</wp:post_date_gmt>
		<wp:comment_status>closed</wp:comment_status>
		<wp:ping_status>closed</wp:ping_status>
		<wp:post_name>10-days-of-vacation-in-florence-resorts</wp:post_name>
		<wp:status>publish</wp:status>
		<wp:post_parent>0</wp:post_parent>
		<wp:menu_order>0</wp:menu_order>
		<wp:post_type>product</wp:post_type>
		<wp:post_password></wp:post_password>
		<wp:is_sticky>0</wp:is_sticky>
		<category domain="product_type" nicename="simple"><![CDATA[simple]]></category>
		<wp:postmeta>
			<wp:meta_key>rate_review</wp:meta_key>
			<wp:meta_value><![CDATA[0]]></wp:meta_value>
		</wp:postmeta>
		<wp:postmeta>
			<wp:meta_key>_stock_status</wp:meta_key>
			<wp:meta_value><![CDATA[instock]]></wp:meta_value>
		</wp:postmeta>
		<wp:postmeta>
			<wp:meta_key>_visibility</wp:meta_key>
			<wp:meta_value><![CDATA[visible]]></wp:meta_value>
		</wp:postmeta>
		<wp:postmeta>
			<wp:meta_key>_downloadable</wp:meta_key>
			<wp:meta_value><![CDATA[no]]></wp:meta_value>
		</wp:postmeta>
		<wp:postmeta>
			<wp:meta_key>_virtual</wp:meta_key>
			<wp:meta_value><![CDATA[no]]></wp:meta_value>
		</wp:postmeta>
		<wp:postmeta>
			<wp:meta_key>_featured</wp:meta_key>
			<wp:meta_value><![CDATA[no]]></wp:meta_value>
		</wp:postmeta>
		<wp:postmeta>
			<wp:meta_key>_sold_individually</wp:meta_key>
			<wp:meta_value><![CDATA[yes]]></wp:meta_value>
		</wp:postmeta>
		<wp:postmeta>
			<wp:meta_key>_manage_stock</wp:meta_key>
			<wp:meta_value><![CDATA[no]]></wp:meta_value>
		</wp:postmeta>
		<wp:postmeta>
			<wp:meta_key>_backorders</wp:meta_key>
			<wp:meta_value><![CDATA[no]]></wp:meta_value>
		</wp:postmeta>
		<wp:postmeta>
			<wp:meta_key>_price</wp:meta_key>
			<wp:meta_value><![CDATA[2210]]></wp:meta_value>
		</wp:postmeta>
		<wp:postmeta>
			<wp:meta_key>_st_booking_id</wp:meta_key>
			<wp:meta_value><![CDATA[1616]]></wp:meta_value>
		</wp:postmeta>
		<wp:postmeta>
			<wp:meta_key>data</wp:meta_key>
			<wp:meta_value><![CDATA[a:20:{s:11:"adult_price";s:3:"400";s:11:"child_price";s:3:"300";s:12:"infant_price";s:3:"110";s:12:"adult_number";i:5;s:12:"child_number";i:1;s:13:"infant_number";i:1;s:9:"type_tour";s:13:"specific_date";s:8:"check_in";s:10:"11/04/2015";s:9:"check_out";s:10:"11/06/2015";s:9:"ori_price";d:2210;s:8:"currency";s:1:"$";s:13:"currency_rate";s:1:"1";s:12:"currency_pos";s:4:"left";s:10:"commission";d:10;s:13:"discount_rate";s:1:"0";s:8:"duration";s:7:"10 days";s:20:"st_booking_post_type";s:8:"st_tours";s:13:"st_booking_id";s:4:"1616";s:7:"sharing";s:0:"";s:11:"total_price";d:2210;}]]></wp:meta_value>
		</wp:postmeta>
	</item>
	<item>
		<title>Maserati GranTurismo</title>
		<link>http://travelerdata.wpengine.com/product/maserati-granturismo/</link>
		<pubDate>Fri, 30 Oct 2015 02:22:17 +0000</pubDate>
		<dc:creator><![CDATA[admin]]></dc:creator>
		<guid isPermaLink="false">http://travelerdata.wpengine.com/product/maserati-granturismo/</guid>
		<description></description>
		<content:encoded><![CDATA[]]></content:encoded>
		<excerpt:encoded><![CDATA[]]></excerpt:encoded>
		<wp:post_id>5496</wp:post_id>
		<wp:post_date>2015-10-30 02:22:17</wp:post_date>
		<wp:post_date_gmt>2015-10-30 02:22:17</wp:post_date_gmt>
		<wp:comment_status>closed</wp:comment_status>
		<wp:ping_status>closed</wp:ping_status>
		<wp:post_name>maserati-granturismo</wp:post_name>
		<wp:status>publish</wp:status>
		<wp:post_parent>0</wp:post_parent>
		<wp:menu_order>0</wp:menu_order>
		<wp:post_type>product</wp:post_type>
		<wp:post_password></wp:post_password>
		<wp:is_sticky>0</wp:is_sticky>
		<category domain="product_type" nicename="simple"><![CDATA[simple]]></category>
		<wp:postmeta>
			<wp:meta_key>rate_review</wp:meta_key>
			<wp:meta_value><![CDATA[0]]></wp:meta_value>
		</wp:postmeta>
		<wp:postmeta>
			<wp:meta_key>_stock_status</wp:meta_key>
			<wp:meta_value><![CDATA[instock]]></wp:meta_value>
		</wp:postmeta>
		<wp:postmeta>
			<wp:meta_key>_visibility</wp:meta_key>
			<wp:meta_value><![CDATA[visible]]></wp:meta_value>
		</wp:postmeta>
		<wp:postmeta>
			<wp:meta_key>_downloadable</wp:meta_key>
			<wp:meta_value><![CDATA[no]]></wp:meta_value>
		</wp:postmeta>
		<wp:postmeta>
			<wp:meta_key>_virtual</wp:meta_key>
			<wp:meta_value><![CDATA[no]]></wp:meta_value>
		</wp:postmeta>
		<wp:postmeta>
			<wp:meta_key>_featured</wp:meta_key>
			<wp:meta_value><![CDATA[no]]></wp:meta_value>
		</wp:postmeta>
		<wp:postmeta>
			<wp:meta_key>_sold_individually</wp:meta_key>
			<wp:meta_value><![CDATA[yes]]></wp:meta_value>
		</wp:postmeta>
		<wp:postmeta>
			<wp:meta_key>_manage_stock</wp:meta_key>
			<wp:meta_value><![CDATA[no]]></wp:meta_value>
		</wp:postmeta>
		<wp:postmeta>
			<wp:meta_key>_backorders</wp:meta_key>
			<wp:meta_value><![CDATA[no]]></wp:meta_value>
		</wp:postmeta>
		<wp:postmeta>
			<wp:meta_key>_price</wp:meta_key>
			<wp:meta_value><![CDATA[2327.5]]></wp:meta_value>
		</wp:postmeta>
		<wp:postmeta>
			<wp:meta_key>_st_booking_id</wp:meta_key>
			<wp:meta_value><![CDATA[1541]]></wp:meta_value>
		</wp:postmeta>
		<wp:postmeta>
			<wp:meta_key>data</wp:meta_key>
			<wp:meta_value><![CDATA[a:21:{s:8:"check_in";s:10:"10/31/2015";s:9:"check_out";s:10:"12/04/2015";s:13:"check_in_time";s:7:"1:15 AM";s:14:"check_out_time";s:7:"2:15 AM";s:18:"check_in_timestamp";i:1446254100;s:19:"check_out_timestamp";i:1449195300;s:19:"location_id_pick_up";i:287;s:20:"location_id_drop_off";i:287;s:7:"pick_up";s:5:"Paris";s:8:"drop_off";s:5:"Paris";s:9:"ori_price";d:2327.5;s:10:"item_price";d:70;s:15:"price_equipment";i:0;s:14:"data_equipment";N;s:10:"commission";d:10;s:13:"discount_rate";s:1:"5";s:20:"st_booking_post_type";s:7:"st_cars";s:13:"st_booking_id";s:4:"1541";s:7:"sharing";s:0:"";s:8:"duration";s:3:"day";s:11:"total_price";d:2327.5;}]]></wp:meta_value>
		</wp:postmeta>
	</item>
	<item>
		<title>Wellington Paris Hotel</title>
		<link>http://travelerdata.wpengine.com/product/wellington-paris-hotel/</link>
		<pubDate>Fri, 30 Oct 2015 02:38:36 +0000</pubDate>
		<dc:creator><![CDATA[admin]]></dc:creator>
		<guid isPermaLink="false">http://travelerdata.wpengine.com/product/wellington-paris-hotel/</guid>
		<description></description>
		<content:encoded><![CDATA[]]></content:encoded>
		<excerpt:encoded><![CDATA[]]></excerpt:encoded>
		<wp:post_id>5498</wp:post_id>
		<wp:post_date>2015-10-30 02:38:36</wp:post_date>
		<wp:post_date_gmt>2015-10-30 02:38:36</wp:post_date_gmt>
		<wp:comment_status>closed</wp:comment_status>
		<wp:ping_status>closed</wp:ping_status>
		<wp:post_name>wellington-paris-hotel</wp:post_name>
		<wp:status>publish</wp:status>
		<wp:post_parent>0</wp:post_parent>
		<wp:menu_order>0</wp:menu_order>
		<wp:post_type>product</wp:post_type>
		<wp:post_password></wp:post_password>
		<wp:is_sticky>0</wp:is_sticky>
		<category domain="product_type" nicename="simple"><![CDATA[simple]]></category>
		<wp:postmeta>
			<wp:meta_key>rate_review</wp:meta_key>
			<wp:meta_value><![CDATA[0]]></wp:meta_value>
		</wp:postmeta>
		<wp:postmeta>
			<wp:meta_key>_stock_status</wp:meta_key>
			<wp:meta_value><![CDATA[instock]]></wp:meta_value>
		</wp:postmeta>
		<wp:postmeta>
			<wp:meta_key>_visibility</wp:meta_key>
			<wp:meta_value><![CDATA[visible]]></wp:meta_value>
		</wp:postmeta>
		<wp:postmeta>
			<wp:meta_key>_downloadable</wp:meta_key>
			<wp:meta_value><![CDATA[no]]></wp:meta_value>
		</wp:postmeta>
		<wp:postmeta>
			<wp:meta_key>_virtual</wp:meta_key>
			<wp:meta_value><![CDATA[no]]></wp:meta_value>
		</wp:postmeta>
		<wp:postmeta>
			<wp:meta_key>_featured</wp:meta_key>
			<wp:meta_value><![CDATA[no]]></wp:meta_value>
		</wp:postmeta>
		<wp:postmeta>
			<wp:meta_key>_sold_individually</wp:meta_key>
			<wp:meta_value><![CDATA[yes]]></wp:meta_value>
		</wp:postmeta>
		<wp:postmeta>
			<wp:meta_key>_manage_stock</wp:meta_key>
			<wp:meta_value><![CDATA[no]]></wp:meta_value>
		</wp:postmeta>
		<wp:postmeta>
			<wp:meta_key>_backorders</wp:meta_key>
			<wp:meta_value><![CDATA[no]]></wp:meta_value>
		</wp:postmeta>
		<wp:postmeta>
			<wp:meta_key>_price</wp:meta_key>
			<wp:meta_value><![CDATA[2457]]></wp:meta_value>
		</wp:postmeta>
		<wp:postmeta>
			<wp:meta_key>_st_booking_id</wp:meta_key>
			<wp:meta_value><![CDATA[4606]]></wp:meta_value>
		</wp:postmeta>
		<wp:postmeta>
			<wp:meta_key>data</wp:meta_key>
			<wp:meta_value><![CDATA[a:17:{s:10:"item_price";d:273;s:9:"ori_price";d:2457;s:8:"check_in";s:10:"10/30/2015";s:9:"check_out";s:10:"10/31/2015";s:15:"room_num_search";i:10;s:7:"room_id";i:4606;s:12:"adult_number";i:1;s:12:"child_number";i:0;s:6:"extras";a:3:{s:5:"price";a:3:{s:11:"extra_adult";s:5:"218.4";s:14:"extra_children";s:5:"191.1";s:13:"extra_service";s:5:"136.5";}s:5:"title";a:3:{s:11:"extra_adult";s:5:"Adult";s:14:"extra_children";s:8:"Children";s:13:"extra_service";s:12:"Vip services";}s:5:"value";a:3:{s:11:"extra_adult";s:1:"0";s:14:"extra_children";s:1:"0";s:13:"extra_service";s:1:"0";}}s:11:"extra_price";d:0;s:10:"commission";d:10;s:13:"discount_rate";s:2:"10";s:20:"st_booking_post_type";s:8:"st_hotel";s:13:"st_booking_id";i:4600;s:7:"sharing";s:0:"";s:8:"duration";s:3:"day";s:11:"total_price";d:2457;}]]></wp:meta_value>
		</wp:postmeta>
	</item>
	<item>
		<title>Family Europe: London to Florence in 10 Days</title>
		<link>http://travelerdata.wpengine.com/product/family-europe-london-to-florence-in-10-days/</link>
		<pubDate>Fri, 30 Oct 2015 10:51:35 +0000</pubDate>
		<dc:creator><![CDATA[admin]]></dc:creator>
		<guid isPermaLink="false">http://travelerdata.wpengine.com/product/family-europe-london-to-florence-in-10-days/</guid>
		<description></description>
		<content:encoded><![CDATA[]]></content:encoded>
		<excerpt:encoded><![CDATA[]]></excerpt:encoded>
		<wp:post_id>5501</wp:post_id>
		<wp:post_date>2015-10-30 10:51:35</wp:post_date>
		<wp:post_date_gmt>2015-10-30 10:51:35</wp:post_date_gmt>
		<wp:comment_status>closed</wp:comment_status>
		<wp:ping_status>closed</wp:ping_status>
		<wp:post_name>family-europe-london-to-florence-in-10-days</wp:post_name>
		<wp:status>publish</wp:status>
		<wp:post_parent>0</wp:post_parent>
		<wp:menu_order>0</wp:menu_order>
		<wp:post_type>product</wp:post_type>
		<wp:post_password></wp:post_password>
		<wp:is_sticky>0</wp:is_sticky>
		<category domain="product_type" nicename="simple"><![CDATA[simple]]></category>
		<wp:postmeta>
			<wp:meta_key>rate_review</wp:meta_key>
			<wp:meta_value><![CDATA[0]]></wp:meta_value>
		</wp:postmeta>
		<wp:postmeta>
			<wp:meta_key>_stock_status</wp:meta_key>
			<wp:meta_value><![CDATA[instock]]></wp:meta_value>
		</wp:postmeta>
		<wp:postmeta>
			<wp:meta_key>_visibility</wp:meta_key>
			<wp:meta_value><![CDATA[visible]]></wp:meta_value>
		</wp:postmeta>
		<wp:postmeta>
			<wp:meta_key>_downloadable</wp:meta_key>
			<wp:meta_value><![CDATA[no]]></wp:meta_value>
		</wp:postmeta>
		<wp:postmeta>
			<wp:meta_key>_virtual</wp:meta_key>
			<wp:meta_value><![CDATA[no]]></wp:meta_value>
		</wp:postmeta>
		<wp:postmeta>
			<wp:meta_key>_featured</wp:meta_key>
			<wp:meta_value><![CDATA[no]]></wp:meta_value>
		</wp:postmeta>
		<wp:postmeta>
			<wp:meta_key>_sold_individually</wp:meta_key>
			<wp:meta_value><![CDATA[yes]]></wp:meta_value>
		</wp:postmeta>
		<wp:postmeta>
			<wp:meta_key>_manage_stock</wp:meta_key>
			<wp:meta_value><![CDATA[no]]></wp:meta_value>
		</wp:postmeta>
		<wp:postmeta>
			<wp:meta_key>_backorders</wp:meta_key>
			<wp:meta_value><![CDATA[no]]></wp:meta_value>
		</wp:postmeta>
		<wp:postmeta>
			<wp:meta_key>_price</wp:meta_key>
			<wp:meta_value><![CDATA[950]]></wp:meta_value>
		</wp:postmeta>
		<wp:postmeta>
			<wp:meta_key>_st_booking_id</wp:meta_key>
			<wp:meta_value><![CDATA[1610]]></wp:meta_value>
		</wp:postmeta>
		<wp:postmeta>
			<wp:meta_key>data</wp:meta_key>
			<wp:meta_value><![CDATA[a:21:{s:11:"adult_price";d:200;s:11:"child_price";d:100;s:12:"infant_price";d:50;s:12:"adult_number";i:3;s:12:"child_number";i:3;s:13:"infant_number";i:1;s:9:"type_tour";s:10:"daily_tour";s:8:"check_in";s:10:"10/31/2015";s:9:"check_out";s:10:"10/31/2015";s:9:"ori_price";d:950;s:8:"currency";s:1:"$";s:13:"currency_rate";s:1:"1";s:12:"currency_pos";s:4:"left";s:10:"commission";d:10;s:10:"data_price";a:4:{s:11:"adult_price";d:600;s:11:"child_price";d:300;s:12:"infant_price";d:50;s:11:"total_price";d:950;}s:13:"discount_rate";d:0;s:8:"duration";s:7:"10 days";s:20:"st_booking_post_type";s:8:"st_tours";s:13:"st_booking_id";s:4:"1610";s:7:"sharing";s:0:"";s:11:"total_price";d:950;}]]></wp:meta_value>
		</wp:postmeta>
		<wp:postmeta>
			<wp:meta_key>total_sales</wp:meta_key>
			<wp:meta_value><![CDATA[1]]></wp:meta_value>
		</wp:postmeta>
	</item>
	<item>
		<title>Street Food Challenges</title>
		<link>http://travelerdata.wpengine.com/product/street-food-challenges/</link>
		<pubDate>Fri, 30 Oct 2015 11:09:05 +0000</pubDate>
		<dc:creator><![CDATA[]]></dc:creator>
		<guid isPermaLink="false">http://travelerdata.wpengine.com/product/street-food-challenges/</guid>
		<description></description>
		<content:encoded><![CDATA[]]></content:encoded>
		<excerpt:encoded><![CDATA[]]></excerpt:encoded>
		<wp:post_id>5504</wp:post_id>
		<wp:post_date>2015-10-30 11:09:05</wp:post_date>
		<wp:post_date_gmt>2015-10-30 11:09:05</wp:post_date_gmt>
		<wp:comment_status>closed</wp:comment_status>
		<wp:ping_status>closed</wp:ping_status>
		<wp:post_name>street-food-challenges</wp:post_name>
		<wp:status>publish</wp:status>
		<wp:post_parent>0</wp:post_parent>
		<wp:menu_order>0</wp:menu_order>
		<wp:post_type>product</wp:post_type>
		<wp:post_password></wp:post_password>
		<wp:is_sticky>0</wp:is_sticky>
		<category domain="product_type" nicename="simple"><![CDATA[simple]]></category>
		<wp:postmeta>
			<wp:meta_key>rate_review</wp:meta_key>
			<wp:meta_value><![CDATA[0]]></wp:meta_value>
		</wp:postmeta>
		<wp:postmeta>
			<wp:meta_key>_stock_status</wp:meta_key>
			<wp:meta_value><![CDATA[instock]]></wp:meta_value>
		</wp:postmeta>
		<wp:postmeta>
			<wp:meta_key>_visibility</wp:meta_key>
			<wp:meta_value><![CDATA[visible]]></wp:meta_value>
		</wp:postmeta>
		<wp:postmeta>
			<wp:meta_key>_downloadable</wp:meta_key>
			<wp:meta_value><![CDATA[no]]></wp:meta_value>
		</wp:postmeta>
		<wp:postmeta>
			<wp:meta_key>_virtual</wp:meta_key>
			<wp:meta_value><![CDATA[no]]></wp:meta_value>
		</wp:postmeta>
		<wp:postmeta>
			<wp:meta_key>_featured</wp:meta_key>
			<wp:meta_value><![CDATA[no]]></wp:meta_value>
		</wp:postmeta>
		<wp:postmeta>
			<wp:meta_key>_sold_individually</wp:meta_key>
			<wp:meta_value><![CDATA[yes]]></wp:meta_value>
		</wp:postmeta>
		<wp:postmeta>
			<wp:meta_key>_manage_stock</wp:meta_key>
			<wp:meta_value><![CDATA[no]]></wp:meta_value>
		</wp:postmeta>
		<wp:postmeta>
			<wp:meta_key>_backorders</wp:meta_key>
			<wp:meta_value><![CDATA[no]]></wp:meta_value>
		</wp:postmeta>
		<wp:postmeta>
			<wp:meta_key>_price</wp:meta_key>
			<wp:meta_value><![CDATA[100]]></wp:meta_value>
		</wp:postmeta>
		<wp:postmeta>
			<wp:meta_key>_st_booking_id</wp:meta_key>
			<wp:meta_value><![CDATA[1568]]></wp:meta_value>
		</wp:postmeta>
		<wp:postmeta>
			<wp:meta_key>data</wp:meta_key>
			<wp:meta_value><![CDATA[a:21:{s:8:"check_in";s:10:"01/15/2016";s:9:"check_out";s:10:"01/17/2015";s:12:"adult_number";i:1;s:12:"child_number";i:0;s:13:"infant_number";i:0;s:13:"type_activity";s:13:"specific_date";s:11:"adult_price";d:100;s:11:"child_price";d:50;s:12:"infant_price";d:10;s:9:"ori_price";d:100;s:8:"currency";s:1:"$";s:13:"currency_rate";s:1:"1";s:12:"currency_pos";s:4:"left";s:10:"commission";d:10;s:10:"data_price";a:4:{s:11:"adult_price";d:100;s:11:"child_price";i:0;s:12:"infant_price";d:0;s:11:"total_price";d:100;}s:13:"discount_rate";i:0;s:20:"st_booking_post_type";s:11:"st_activity";s:13:"st_booking_id";i:1568;s:7:"sharing";s:1:"0";s:8:"duration";s:3:"day";s:11:"total_price";d:100;}]]></wp:meta_value>
		</wp:postmeta>
	</item>
</channel>
</rss>
